0.000000 100.000000 104.000000
0.000720 100.337008 104.081801
0.001430 100.671457 104.113378
0.002150 101.000816 104.094465
0.002860 101.322613 104.025431
0.003580 101.634460 103.907282
0.004290 101.934081 103.741652
0.005010 102.219338 103.530789
0.005720 102.488252 103.277534
0.006440 102.739025 102.985288
0.007150 102.970056 102.657972
0.007870 103.179960 102.299983
0.008580 103.367578 101.916142
0.009300 103.531984 101.511635
0.010010 103.672496 101.091946
0.010730 103.788674 100.662795
0.011440 103.880322 100.230059
0.012160 103.947484 99.799701
0.012870 103.990435 99.377693
0.013590 104.009673 98.969937
0.014300 104.005905 98.582189
0.015020 103.980033 98.219982
0.015730 103.933137 97.888553
0.016450 103.866453 97.592768
0.017160 103.781355 97.337065
0.017880 103.679332 97.125383
0.018590 103.561963 96.961111
0.019310 103.430898 96.847042
0.020020 103.287831 96.785327
0.020740 103.134479 96.777448
0.021450 102.972558 96.824188
0.022170 102.803762 96.925621
0.022880 102.629747 97.081105
0.023600 102.452104 97.289285
0.024310 102.272354 97.548107
0.025030 102.091923 97.854841
0.025740 101.912136 98.206113
0.026460 101.734209 98.597944
0.027170 101.559237 99.025802
0.027890 101.388192 99.484658
0.028600 101.221921 99.969048
0.029320 101.061149 100.473143
0.030030 100.906478 100.990827
0.030750 100.758394 101.515773
0.031460 100.617275 102.041528
0.032180 100.483401 102.561595
0.032890 100.356960 103.069521
0.033610 100.238066 103.558984
0.034320 100.126768 104.023872
0.035040 100.023064 104.458368
0.035750 99.926919 104.857029
0.036470 99.838271 105.214858
0.037180 99.757053 105.527370
0.037900 99.683200 105.790654
0.038610 99.616665 106.001431
0.039330 99.557426 106.157090
0.040040 99.505499 106.255733
0.040760 99.460942 106.296198
0.041470 99.423867 106.278075
0.042190 99.394434 106.201716
0.042900 99.372861 106.068228
0.043620 99.359421 105.879465
0.044330 99.354437 105.637999
0.045050 99.358280 105.347089
0.045760 99.371360 105.010642
0.046480 99.394119 104.633154
0.047190 99.427019 104.219659
0.047910 99.470529 103.775658
0.048620 99.525114 103.307047
0.049340 99.591217 102.820038
0.050050 99.669247 102.321079
0.050770 99.759560 101.816765
0.051480 99.862447 101.313753
0.052200 99.978114 100.818674
0.052910 100.106668 100.338040
0.053630 100.248105 99.878163
0.054340 100.402296 99.445069
0.055060 100.568973 99.044418
0.055770 100.747724 98.681427
0.056490 100.937979 98.360805
0.057200 101.139013 98.086689
0.057920 101.349935 97.862590
0.058630 101.569695 97.691347
0.059350 101.797080 97.575088
0.060060 102.030725 97.515210
0.060780 102.269118 97.512353
0.061490 102.510612 97.566400
0.062210 102.753437 97.676475
0.062920 102.995719 97.840960
0.063640 103.235494 98.057518
0.064350 103.470734 98.323123
0.065070 103.699363 98.634104
0.065780 103.919285 98.986196
0.066500 104.128405 99.374598
0.067210 104.324660 99.794036
0.067930 104.506039 100.238839
0.068640 104.670611 100.703008
0.069360 104.816553 101.180306
0.070070 104.942171 101.664333
0.070790 105.045924 102.148615
0.071500 105.126448 102.626690
0.072220 105.182574 103.092192
0.072930 105.213346 103.538933
0.073650 105.218037 103.960987
0.074360 105.196159 104.352766
0.075080 105.147476 104.709090
0.075790 105.072007 105.025254
0.076510 104.970028 105.297089
0.077220 104.842076 105.521012
0.077940 104.688941 105.694069
0.078650 104.511658 105.813975
0.079370 104.311501 105.879135
0.080080 104.089964 105.888663
0.080800 103.848748 105.842389
0.081510 103.589740 105.740859
0.082230 103.314992 105.585321
0.082940 103.026697 105.377705
0.083660 102.727162 105.120594
0.084370 102.418784 104.817185
0.085090 102.104019 104.471246
0.085800 101.785357 104.087062
0.086520 101.465288 103.669372
0.087230 101.146282 103.223311
0.087950 100.830751 102.754337
0.088660 100.521033 102.268159
0.089380 100.219357 101.770661
0.090090 99.927828 101.267827
0.090810 99.648402 100.765658
0.091520 99.382866 100.270104
0.092240 99.132824 99.786977
0.092950 98.899684 99.321888
0.093670 98.684646 98.880170
0.094380 98.488698 98.466816
0.095100 98.312606 98.086417
0.095810 98.156920 97.743107
0.096530 98.021971 97.440514
0.097240 97.907879 97.181723
0.097960 97.814559 96.969233
0.098670 97.741732 96.804943
0.099390 97.688941 96.690122
0.100100 97.655560 96.625407
0.100820 97.640816 96.610798
0.101530 97.643803 96.645667
0.102250 97.663506 96.728766
0.102960 97.698817 96.858258
0.103680 97.748558 97.031739
0.104390 97.811501 97.246278
0.105110 97.886386 97.498456
0.105820 97.971943 97.784416
0.106540 98.066910 98.099916
0.107250 98.170051 98.440386
0.107970 98.280167 98.800985
0.108680 98.396115 99.176667
0.109400 98.516819 99.562247
0.110110 98.641277 99.952463
0.110830 98.768568 100.342041
0.111540 98.897861 100.725766
0.112260 99.028413 101.098539
0.112970 99.159572 101.455442
0.113690 99.290774 101.791792
0.114400 99.421537 102.103201
0.115120 99.551460 102.385622
0.115830 99.680207 102.635395
0.116550 99.807506 102.849288
0.117260 99.933132 103.024530
0.117980 100.056896 103.158843
0.118690 100.178637 103.250456
0.119410 100.298203 103.298130
0.120120 100.415441 103.301161
0.120840 100.530186 103.259385
0.121550 100.642245 103.173173
0.122270 100.751388 103.043422
0.122980 100.857338 102.871537
0.123700 100.959763 102.659412
0.124410 101.058266 102.409402
0.125130 101.152385 102.124286
0.125840 101.241584 101.807239
0.126560 101.325257 101.461783
0.127270 101.402728 101.091748
0.127990 101.473254 100.701220
0.128700 101.536031 100.294498
0.129420 101.590203 99.876036
0.130130 101.634872 99.450395
0.130850 101.669108 99.022187
0.131560 101.691967 98.596025
0.132280 101.702504 98.176469
0.132990 101.699788 97.767975
0.133710 101.682923 97.374846
0.134420 101.651064 97.001186
0.135140 101.603438 96.650853
0.135850 101.539359 96.327420
0.136570 101.458248 96.034139
0.137280 101.359652 95.773903
0.138000 101.243258 95.549222
0.138710 101.108907 95.362193
0.139430 100.956610 95.214483
0.140140 100.786558 95.107312
0.140860 100.599127 95.041445
0.141570 100.394891 95.017183
0.142290 100.174621 95.034364
0.143000 99.939283 95.092371
0.143720 99.690044 95.190134
0.144430 99.428258 95.326150
0.145150 99.155463 95.498500
0.145860 98.873366 95.704869
0.146580 98.583832 95.942577
0.147290 98.288867 96.208606
0.148010 97.990594 96.499638
0.148720 97.691240 96.812085
0.149440 97.393104 97.142138
0.150150 97.098538 97.485800
0.150870 96.809915 97.838934
0.151580 96.529609 98.197309
0.152300 96.259963 98.556643
0.153010 96.003258 98.912653
0.153730 95.761693 99.261097
0.154440 95.537354 99.597825
0.155160 95.332187 99.918820
0.155870 95.147978 100.220245
0.156590 94.986329 100.498484
0.157300 94.848636 100.750179
0.158020 94.736075 100.972274
0.158730 94.649585 101.162042
0.159450 94.589859 101.317121
0.160160 94.557332 101.435538
0.160880 94.552180 101.515735
0.161590 94.574314 101.556586
0.162310 94.623387 101.557411
0.163020 94.698793 101.517988
0.163740 94.799683 101.438557
0.164450 94.924967 101.319820
0.165170 95.073339 101.162936
0.165880 95.243286 100.969510
0.166600 95.433113 100.741581
0.167310 95.640961 100.481600
0.168030 95.864835 100.192406
0.168740 96.102626 99.877199
0.169460 96.352138 99.539503
0.170170 96.611118 99.183135
0.170890 96.877276 98.812155
0.171600 97.148322 98.430834
0.172320 97.421983 98.043597
0.173030 97.696036 97.654979
0.173750 97.968326 97.269574
0.174460 98.236795 96.891980
0.175180 98.499497 96.526751
0.175890 98.754621 96.178338
0.176610 99.000503 95.851042
0.177320 99.235641 95.548959
0.178040 99.458709 95.275932
0.178750 99.668557 95.035502
0.179470 99.864223 94.830866
0.180180 100.044932 94.664832
0.180900 100.210093 94.539784
0.181610 100.359298 94.457650
0.182330 100.492316 94.419872
0.183040 100.609080 94.427384
0.183760 100.709680 94.480598
0.184470 100.794351 94.579388
0.185190 100.863453 94.723091
0.185900 100.917461 94.910505
0.186620 100.956944 95.139898
0.187330 100.982551 95.409024
0.188050 100.994991 95.715144
0.188760 100.995015 96.055054
0.189480 100.983401 96.425117
0.190190 100.960937 96.821303
0.190910 100.928406 97.239235
0.191620 100.886568 97.674238
0.192340 100.836154 98.121391
0.193050 100.777852 98.575587
0.193770 100.712296 99.031596
0.194480 100.640066 99.484120
0.195200 100.561676 99.927868
0.195910 100.477579 100.357614
0.196630 100.388161 100.768267
0.197340 100.293748 101.154932
0.198060 100.194608 101.512977
0.198770 100.090956 101.838092
0.199490 99.982966 102.126345
0.200200 99.870779 102.374238
0.200920 99.754511 102.578753
0.201630 99.634268 102.737395
0.202350 99.510160 102.848232
0.203060 99.382310 102.909920
0.203780 99.250870 102.921729
0.204490 99.116034 102.883560
0.205210 98.978047 102.795946
0.205920 98.837222 102.660058
0.206640 98.693948 102.477692
0.207350 98.548695 102.251253
0.208070 98.402027 101.983730
0.208780 98.254606 101.678663
0.209500 98.107191 101.340101
0.210210 97.960646 100.972558
0.210930 97.815930 100.580953
0.211640 97.674101 100.170558
0.212360 97.536306 99.746923
0.213070 97.403772 99.315815
0.213790 97.277796 98.883143
0.214500 97.159731 98.454878
0.215220 97.050973 98.036982
0.215930 96.952941 97.635327
0.216650 96.867060 97.255617
0.217360 96.794742 96.903315
0.218080 96.737365 96.583569
0.218790 96.696250 96.301141
0.219510 96.672641 96.060344
0.220220 96.667686 95.864979
0.220940 96.682409 95.718286
0.221650 96.717698 95.622894
0.222370 96.774282 95.580783
0.223080 96.852716 95.593254
0.223800 96.953361 95.660908
0.224510 97.076379 95.783632
0.225230 97.221713 95.960598
0.225940 97.389090 96.190266
0.226660 97.578005 96.470403
0.227370 97.787727 96.798107
0.228090 98.017297 97.169840
0.228800 98.265534 97.581473
0.229520 98.531042 98.028337
0.230230 98.812220 98.505280
0.230950 99.107275 99.006734
0.231660 99.414243 99.526783
0.232380 99.731004 100.059245
0.233090 100.055306 100.597748
0.233810 100.384786 101.135814
0.234520 100.716999 101.666945
0.235240 101.049445 102.184707
0.235950 101.379592 102.682818
0.236670 101.704911 103.155229
0.237380 102.022901 103.596207
0.238100 102.331119 104.000408
0.238810 102.627207 104.362956
0.239530 102.908920 104.679500
0.240240 103.174153 104.946282
0.240960 103.420961 105.160181
0.241670 103.647583 105.318761
0.242390 103.852462 105.420304
0.243100 104.034259 105.463831
0.243820 104.191870 105.449122
0.244530 104.324432 105.376714
0.245250 104.431336 105.247902
0.245960 104.512223 105.064718
0.246680 104.566991 104.829907
0.247390 104.595792 104.546890
0.248110 104.599020 104.219722
0.248820 104.577307 103.853037
0.249540 104.531511 103.451986
0.250250 104.462696 103.022170
0.250970 104.372121 102.569564
0.251680 104.261214 102.100443
0.252400 104.131557 101.621290
0.253110 103.984858 101.138718
0.253830 103.822928 100.659374
0.254540 103.647658 100.189860
0.255260 103.460994 99.736636
0.255970 103.264907 99.305938
0.256690 103.061377 98.903697
0.257400 102.852361 98.535456
0.258120 102.639776 98.206301
0.258830 102.425474 97.920789
0.259550 102.211226 97.682892
0.260260 101.998703 97.495942
0.260980 101.789463 97.362590
0.261690 101.584934 97.284771
0.262410 101.386411 97.263675
0.263120 101.195043 97.299742
0.263840 101.011830 97.392648
0.264550 100.837626 97.541315
0.265270 100.673130 97.743930
0.265980 100.518901 97.997963
0.266700 100.375354 98.300210
0.267410 100.242774 98.646833
0.268130 100.121322 99.033413
0.268840 100.011051 99.455011
0.269560 99.911913 99.906234
0.270270 99.823779 100.381310
0.270990 99.746448 100.874162
0.271700 99.679668 101.378492
0.272420 99.623145 101.887863
0.273130 99.576565 102.395787
0.273850 99.539600 102.895807
0.274560 99.511929 103.381586
0.275280 99.493247 103.846987
0.275990 99.483273 104.286153
0.276710 99.481767 104.693583
0.277420 99.488528 105.064205
0.278140 99.503407 105.393436
0.278850 99.526306 105.677242
0.279570 99.557178 105.912190
0.280280 99.596033 106.095484
0.281000 99.642925 106.225003
0.281710 99.697955 106.299326
0.282430 99.761258 106.317740
0.283140 99.832997 106.280250
0.283860 99.913351 106.187575
0.284570 100.002506 106.041130
0.285290 100.100637 105.843007
0.286000 100.207896 105.595943
0.286720 100.324401 105.303276
0.287430 100.450217 104.968903
0.288150 100.585343 104.597222
0.288860 100.729699 104.193074
0.289580 100.883114 103.761673
0.290290 101.045309 103.308541
0.291010 101.215893 102.839430
0.291720 101.394350 102.360250
0.292440 101.580034 101.876987
0.293150 101.772164 101.395630
0.293870 101.969823 100.922092
0.294580 102.171955 100.462132
0.295300 102.377371 100.021290
0.296010 102.584754 99.604810
0.296730 102.792666 99.217578
0.297440 102.999559 98.864068
0.298160 103.203791 98.548280
0.298870 103.403636 98.273700
0.299590 103.597305 98.043257
0.300300 103.782968 97.859295
0.301020 103.958769 97.723543
0.301730 104.122854 97.637103
0.302450 104.273391 97.600443
0.303160 104.408595 97.613393
0.303880 104.526753 97.675160
0.304590 104.626248 97.784336
0.305310 104.705583 97.938930
0.306020 104.763400 98.136393
0.306740 104.798506 98.373660
0.307450 104.809893 98.647189
0.308170 104.796749 98.953015
0.308880 104.758483 99.286802
0.309600 104.694730 99.643897
0.310310 104.605364 100.019399
0.311030 104.490506 100.408215
0.311740 104.350525 100.805129
0.312460 104.186040 101.204866
0.313170 103.997920 101.602159
0.313890 103.787270 101.991812
0.314600 103.555432 102.368763
0.315320 103.303962 102.728147
0.316030 103.034622 103.065348
0.316750 102.749358 103.376058
0.317460 102.450281 103.656324
0.318180 102.139640 103.902588
0.318890 101.819803 104.111732
0.319610 101.493224 104.281108
0.320320 101.162419 104.408562
0.321040 100.829938 104.492460
0.321750 100.498332 104.531696
0.322470 100.170128 104.525704
0.323180 99.847799 104.474457
0.323900 99.533735 104.378462
0.324610 99.230219 104.238746
0.325330 98.939404 104.056844
0.326040 98.663283 103.834768
0.326760 98.403678 103.574987
0.327470 98.162217 103.280385
0.328190 97.940317 102.954230
0.328900 97.739180 102.600129
0.329620 97.559774 102.221982
0.330330 97.402838 101.823937
0.331050 97.268869 101.410337
0.331760 97.158133 100.985670
0.332480 97.070662 100.554519
0.333190 97.006263 100.121501
0.333910 96.964529 99.691223
0.334620 96.944852 99.268225
0.335340 96.946434 98.856931
0.336050 96.968310 98.461599
0.336770 97.009363 98.086278
0.337480 97.068345 97.734758
0.338200 97.143898 97.410538
0.338910 97.234576 97.116783
0.339630 97.338872 96.856295
0.340340 97.455232 96.631481
0.341060 97.582084 96.444336
0.341770 97.717856 96.296417
0.342490 97.860997 96.188831
0.343200 98.009994 96.122230
0.343920 98.163393 96.096800
0.344630 98.319810 96.112268
0.345350 98.477945 96.167901
0.346060 98.636592 96.262524
0.346780 98.794651 96.394530
0.347490 98.951127 96.561901
0.348210 99.105141 96.762232
0.348920 99.255923 96.992758
0.349640 99.402817 97.250388
0.350350 99.545272 97.531736
0.351070 99.682840 97.833160
0.351780 99.815165 98.150804
0.352500 99.941975 98.480638
0.353210 100.063070 98.818504
0.353930 100.178313 99.160160
0.354640 100.287613 99.501325
0.355360 100.390913 99.837731
0.356070 100.488178 100.165161
0.356790 100.579379 100.479503
0.357500 100.664484 100.776790
0.358220 100.743441 101.053244
0.358930 100.816171 101.305320
0.359650 100.882557 101.529743
0.360360 100.942436 101.723544
0.361080 100.995593 101.884097
0.361790 101.041755 102.009144
0.362510 101.080593 102.096827
0.363220 101.111717 102.145703
0.363940 101.134681 102.154769
0.364650 101.148989 102.123472
0.365370 101.154098 102.051715
0.366080 101.149427 101.939865
0.366800 101.134371 101.788753
0.367510 101.108309 101.599661
0.368230 101.070622 101.374317
0.368940 101.020701 101.114876
0.369660 100.957972 100.823901
0.370370 100.881904 100.504336
0.371090 100.792032 100.159477
0.371800 100.687969 99.792935
0.372520 100.569426 99.408604
0.373230 100.436225 99.010612
0.373950 100.288315 98.603283
0.374660 100.125785 98.191086
0.375380 99.948875 97.778584
0.376090 99.757985 97.370387
0.376810 99.553684 96.971097
0.377520 99.336712 96.585256
0.378240 99.107986 96.217293
0.378950 98.868596 95.871469
0.379670 98.619803 95.551830
0.380380 98.363033 95.262156
0.381100 98.099867 95.005915
0.381810 97.832031 94.786216
0.382530 97.561380 94.605771
0.383240 97.289881 94.466862
0.383960 97.019593 94.371303
0.384670 96.752649 94.320417
0.385390 96.491229 94.315018
0.386100 96.237538 94.355387
0.386820 95.993777 94.441273
0.387530 95.762124 94.571882
0.388250 95.544699 94.745886
0.388960 95.343542 94.961428
0.389680 95.160586 95.216145
0.390390 94.997633 95.507183
0.391110 94.856328 95.831235
0.391820 94.738139 96.184567
0.392540 94.644335 96.563066
0.393250 94.575970 96.962283
0.393970 94.533866 97.377483
0.394680 94.518603 97.803703
0.395400 94.530507 98.235807
0.396110 94.569646 98.668549
0.396830 94.635825 99.096639
0.397540 94.728592 99.514802
0.398260 94.847236 99.917852
0.398970 94.990798 100.300749
0.399690 95.158080 100.658670
0.400400 95.347662 100.987068
0.401120 95.557913 101.281733
0.401830 95.787017 101.538849
0.402550 96.032990 101.755045
0.403260 96.293707 101.927441
0.403980 96.566924 102.053692
0.404690 96.850307 102.132022
0.405410 97.141460 102.161252
0.406120 97.437953 102.140820
0.406840 97.737347 102.070795
0.407550 98.037227 101.951884
0.408270 98.335227 101.785427
0.408980 98.629052 101.573383
0.409700 98.916511 101.318320
0.410410 99.195532 101.023378
0.411130 99.464185 100.692238
0.411840 99.720701 100.329081
0.412560 99.963489 99.938536
0.413270 100.191145 99.525626
0.413990 100.402461 99.095705
0.414700 100.596437 98.654396
0.415420 100.772281 98.207512
0.416130 100.929410 97.760992
0.416850 101.067446 97.320819
0.417560 101.186215 96.892943
0.418280 101.285733 96.483207
0.418990 101.366201 96.097265
0.419710 101.427990 95.740511
0.420420 101.471626 95.418006
0.421140 101.497773 95.134407
0.421850 101.507218 94.893906
0.422570 101.500849 94.700169
0.423280 101.479638 94.556287
0.424000 101.444621 94.464730
0.424710 101.396877 94.427312
0.425430 101.337513 94.445157
0.426140 101.267640 94.518690
0.426860 101.188361 94.647615
0.427570 101.100752 94.830925
0.428290 101.005851 95.066902
0.429000 100.904641 95.353143
0.429720 100.798046 95.686580
0.430430 100.686918 96.063522
0.431150 100.572033 96.479698
0.431860 100.454089 96.930312
0.432580 100.333702 97.410100
0.433290 100.211409 97.913399
0.434010 100.087672 98.434219
0.434720 99.962882 98.966323
0.435440 99.837365 99.503304
0.436150 99.711395 100.038672
0.436870 99.585199 100.565937
0.437580 99.458974 101.078698
0.438300 99.332894 101.570724
0.439010 99.207127 102.036040
0.439730 99.081843 102.469004
0.440440 98.957232 102.864388
0.441160 98.833514 103.217442
0.441870 98.710951 103.523961
0.442590 98.589854 103.780346
0.443300 98.470601 103.983647
0.444020 98.353633 104.131607
0.444730 98.239470 104.222695
0.445450 98.128710 104.256123
0.446160 98.022028 104.231865
0.446880 97.920183 104.150650
0.447590 97.824008 104.013963
0.448310 97.734408 103.824017
0.449020 97.652352 103.583734
0.449740 97.578864 103.296699
0.450450 97.515009 102.967118
0.451170 97.461883 102.599759
0.451880 97.420593 102.199893
0.452600 97.392243 101.773221
0.453310 97.377919 101.325798
0.454030 97.378662 100.863957
0.454740 97.395455 100.394219
0.455460 97.429205 99.923208
0.456170 97.480715 99.457566
0.456890 97.550675 99.003860
0.457600 97.639639 98.568496
0.458320 97.748006 98.157635
0.459030 97.876011 97.777111
0.459750 98.023708 97.432350
0.460460 98.190959 97.128304
0.461180 98.377427 96.869378
0.461890 98.582568 96.659379
0.462610 98.805631 96.501463
0.463320 99.045653 96.398093
0.464040 99.301468 96.351008
0.464750 99.571709 96.361201
0.465470 99.854815 96.428908
0.466180 100.149051 96.553605
0.466900 100.452513 96.734017
0.467610 100.763153 96.968134
0.468330 101.078795 97.253246
0.469040 101.397160 97.585972
0.469760 101.715887 97.962312
0.470470 102.032561 98.377701
0.471190 102.344740 98.827068
0.471900 102.649981 99.304909
0.472620 102.945869 99.805357
0.473330 103.230047 100.322263
0.474050 103.500241 100.849277
0.474760 103.754288 101.379932
0.475480 103.990163 101.907732
0.476190 104.206001 102.426233
0.476910 104.400121 102.929135
0.477620 104.571046 103.410354
0.478340 104.717519 103.864111
0.479050 104.838517 104.284999
0.479770 104.933267 104.668056
0.480480 105.001247 105.008826
0.481200 105.042198 105.303416
0.481910 105.056120 105.548542
0.482630 105.043273 105.741572
0.483340 105.004173 105.880553
0.484060 104.939579 105.964232
0.484770 104.850486 105.992074
0.485490 104.738107 105.964257
0.486200 104.603858 105.881672
0.486920 104.449338 105.745899
0.487630 104.276305 105.559191
0.488350 104.086657 105.324433
0.489060 103.882402 105.045101
0.489780 103.665636 104.725217
0.490490 103.438514 104.369288
0.491210 103.203227 103.982248
0.491920 102.961971 103.569388
0.492640 102.716923 103.136285
0.493350 102.470219 102.688729
0.494070 102.223926 102.232647
0.494780 101.980024 101.774024
0.495500 101.740385 101.318827
0.496210 101.506752 100.872925
0.496930 101.280732 100.442020
0.497640 101.063776 100.031571
0.498360 100.857171 99.646727
0.499070 100.662037 99.292263
0.499790 100.479319 98.972527
0.500500 100.309785 98.691382
0.501220 100.154033 98.452164
0.501930 100.012490 98.257645
0.502650 99.885421 98.110003
0.503360 99.772938 98.010798
0.504080 99.675010 97.960961
0.504790 99.591476 97.960785
0.505510 99.522061 98.009930
0.506220 99.466389 98.107434
0.506940 99.424001 98.251728
0.507650 99.394372 98.440664
0.508370 99.376923 98.671548
0.509080 99.371045 98.941179
0.509800 99.376111 99.245893
0.510510 99.391488 99.581615
0.511230 99.416559 99.943913
0.511940 99.450728 100.328056
0.512660 99.493434 100.729078
0.513370 99.544161 101.141840
0.514090 99.602442 101.561097
0.514800 99.667868 101.981560
0.515520 99.740086 102.397967
0.516230 99.818804 102.805141
0.516950 99.903786 103.198057
0.517660 99.994850 103.571901
0.518380 100.091861 103.922124
0.519090 100.194725 104.244495
0.519810 100.303377 104.535152
0.520520 100.417774 104.790639
0.521240 100.537881 105.007948
0.521950 100.663657 105.184548
0.522670 100.795044 105.318410
0.523380 100.931955 105.408028
0.524100 101.074254 105.452427
0.524810 101.221751 105.451172
0.525530 101.374185 105.404368
0.526240 101.531212 105.312650
0.526960 101.692399 105.177172
0.527670 101.857212 104.999586
0.528390 102.025014 104.782021
0.529100 102.195054 104.527047
0.529820 102.366470 104.237647
0.530530 102.538290 103.917174
0.531250 102.709428 103.569309
0.531960 102.878699 103.198015
0.532680 103.044816 102.807491
0.533390 103.206409 102.402117
0.534110 103.362032 101.986405
0.534820 103.510181 101.564948
0.535540 103.649306 101.142362
0.536250 103.777835 100.723237
0.536970 103.894190 100.312083
0.537680 103.996809 99.913284
0.538400 104.084166 99.531044
0.539110 104.154798 99.169347
0.539830 104.207322 98.831908
0.540540 104.240463 98.522142
0.541260 104.253068 98.243119
0.541970 104.244134 97.997541
0.542690 104.212823 97.787709
0.543400 104.158482 97.615504
0.544120 104.080655 97.482368
0.544830 103.979101 97.389289
0.545550 103.853798 97.336798
0.546260 103.704958 97.324963
0.546980 103.533028 97.353388
0.547690 103.338690 97.421227
0.548410 103.122863 97.527192
0.549120 102.886695 97.669565
0.549840 102.631557 97.846229
0.550550 102.359033 98.054681
0.551270 102.070900 98.292071
0.551980 101.769118 98.555227
0.552700 101.455806 98.840696
0.553410 101.133220 99.144777
0.554130 100.803730 99.463565
0.554840 100.469795 99.792996
0.555560 100.133931 100.128885
0.556270 99.798690 100.466978
0.556990 99.466626 100.802995
0.557700 99.140264 101.132676
0.558420 98.822080 101.451832
0.559130 98.514462 101.756383
0.559850 98.219692 102.042410
0.560560 97.939916 102.306194
0.561280 97.677120 102.544258
0.561990 97.433112 102.753404
0.562710 97.209498 102.930753
0.563420 97.007671 103.073772
0.564140 96.828795 103.180308
0.564850 96.673793 103.248611
0.565570 96.543344 103.277353
0.566280 96.437877 103.265650
0.567000 96.357572 103.213068
0.567710 96.302361 103.119635
0.568430 96.271936 102.985842
0.569140 96.265759 102.812640
0.569860 96.283071 102.601432
0.570570 96.322911 102.354062
0.571290 96.384130 102.072799
0.572000 96.465410 101.760310
0.572720 96.565290 101.419638
0.573430 96.682182 101.054169
0.574150 96.814397 100.667598
0.574860 96.960171 100.263887
0.575580 97.117687 99.847226
0.576290 97.285099 99.421987
0.577010 97.460557 98.992673
0.577720 97.642230 98.563873
0.578440 97.828324 98.140206
0.579150 98.017105 97.726271
0.579870 98.206919 97.326591
0.580580 98.396201 96.945566
0.581300 98.583497 96.587413
0.582010 98.767469 96.256123
0.582730 98.946906 95.955407
0.583440 99.120732 95.688652
0.584160 99.288006 95.458878
0.584870 99.447924 95.268698
0.585590 99.599820 95.120283
0.586300 99.743157 95.015332
0.587020 99.877525 94.955049
0.587730 100.002631 94.940120
0.588450 100.118289 94.970698
0.589160 100.224408 95.046401
0.589880 100.320980 95.166307
0.590590 100.408065 95.328960
0.591310 100.485779 95.532379
0.592020 100.554278 95.774082
0.592740 100.613741 96.051106
0.593450 100.664363 96.360038
0.594170 100.706334 96.697053
0.594880 100.739830 97.057957
0.595600 100.765004 97.438230
0.596310 100.781974 97.833084
0.597030 100.790814 98.237515
0.597740 100.791554 98.646362
0.598460 100.784169 99.054372
0.599170 100.768583 99.456260
0.599890 100.744666 99.846780
0.600600 100.712239 100.220786
0.601320 100.671079 100.573296
0.602030 100.620924 100.899564
0.602750 100.561483 101.195132
0.603460 100.492447 101.455897
0.604180 100.413499 101.678161
0.604890 100.324329 101.858684
0.605610 100.224649 101.994732
0.606320 100.114204 102.084112
0.607040 99.992793 102.125208
0.607750 99.860278 102.117007
0.608470 99.716602 102.059118
0.609180 99.561805 101.951786
0.609900 99.396032 101.795887
0.610610 99.219550 101.592934
0.611330 99.032756 101.345054
0.612040 98.836183 101.054974
0.612760 98.630511 100.725985
0.613470 98.416568 100.361913
0.614190 98.195331 99.967067
0.614900 97.967929 99.546192
0.615620 97.735631 99.104413
0.616330 97.499849 98.647169
0.617050 97.262122 98.180147
0.617760 97.024106 97.709210
0.618480 96.787560 97.240325
0.619190 96.554331 96.779482
0.619910 96.326331 96.332622
0.620620 96.105521 95.905555
0.621340 95.893885 95.503885
0.622050 95.693409 95.132936
0.622770 95.506055 94.797681
0.623480 95.333737 94.502672
0.624200 95.178295 94.251980
0.624910 95.041471 94.049138
0.625630 94.924884 93.897089
0.626340 94.830008 93.798147
0.627060 94.758149 93.753959
0.627770 94.710425 93.765481
0.628490 94.687747 93.832960
0.629200 94.690808 93.955927
0.629920 94.720064 94.133197
0.630630 94.775728 94.362885
0.631350 94.857762 94.642418
0.632060 94.965873 94.968576
0.632780 95.099513 95.337521
0.633490 95.257883 95.744848
0.634210 95.439939 96.185643
0.634920 95.644399 96.654539
0.635640 95.869761 97.145790
0.636350 96.114313 97.653342
0.637070 96.376158 98.170913
0.637780 96.653228 98.692073
0.638500 96.943315 99.210331
0.639210 97.244090 99.719217
0.639930 97.553132 100.212371
0.640640 97.867957 100.683628
0.641360 98.186044 101.127095
0.642070 98.504867 101.537236
0.642790 98.821920 101.908943
0.643500 99.134749 102.237607
0.644220 99.440977 102.519178
0.644930 99.738329 102.750224
0.645650 100.024660 102.927974
0.646360 100.297973 103.050360
0.647080 100.556440 103.116043
0.647790 100.798423 103.124436
0.648510 101.022481 103.075709
0.649220 101.227389 102.970793
0.649940 101.412143 102.811363
0.650650 101.575964 102.599822
0.651370 101.718302 102.339269
0.652080 101.838834 102.033456
0.652800 101.937460 101.686743
0.653510 102.014297 101.304035
0.654230 102.069666 100.890724
0.654940 102.104082 100.452611
0.655660 102.118240 99.995833
0.656370 102.112995 99.526780
0.657090 102.089347 99.052011
0.657800 102.048417 98.578164
0.658520 101.991433 98.111872
0.659230 101.919702 97.659670
0.659950 101.834591 97.227911
0.660660 101.737507 96.822679
0.661380 101.629876 96.449712
0.662090 101.513120 96.114322
0.662810 101.388642 95.821325
0.663520 101.257805 95.574980
0.664240 101.121920 95.378930
0.664950 100.982231 95.236157
0.665670 100.839902 95.148939
0.666380 100.696010 95.118825
0.667100 100.551537 95.146615
0.667810 100.407366 95.232347
0.668530 100.264278 95.375302
0.669240 100.122955 95.574013
0.669960 99.983979 95.826285
0.670670 99.847841 96.129230
0.671390 99.714944 96.479302
0.672100 99.585614 96.872347
0.672820 99.460108 97.303663
0.673530 99.338627 97.768057
0.674250 99.221330 98.259923
0.674960 99.108341 98.773309
0.675680 98.999769 99.302005
0.676390 98.895715 99.839618
0.677110 98.796290 100.379663
0.677820 98.701624 100.915645
0.678540 98.611877 101.441145
0.679250 98.527253 101.949906
0.679970 98.448002 102.435912
0.680680 98.374431 102.893466
0.681400 98.306910 103.317266
0.682110 98.245871 103.702468
0.682830 98.191810 104.044752
0.683540 98.145287 104.340370
0.684260 98.106919 104.586198
0.684970 98.077379 104.779769
0.685690 98.057380 104.919303
0.686400 98.047675 105.003725
0.687120 98.049034 105.032676
0.687830 98.062241 105.006513
0.688550 98.088069 104.926298
0.689260 98.127271 104.793782
0.689980 98.180562 104.611376
0.690690 98.248596 104.382113
0.691410 98.331957 104.109609
0.692120 98.431132 103.798009
0.692840 98.546505 103.451929
0.693550 98.678329 103.076391
0.694270 98.826720 102.676762
0.694980 98.991641 102.258671
0.695700 99.172889 101.827945
0.696410 99.370088 101.390524
0.697130 99.582682 100.952388
0.697840 99.809926 100.519478
0.698560 100.050893 100.097620
0.699270 100.304465 99.692450
0.699990 100.569346 99.309347
0.700700 100.844063 98.953361
0.701420 101.126981 98.629154
0.702130 101.416308 98.340945
0.702850 101.710120 98.092458
0.703560 102.006371 97.886877
0.704280 102.302919 97.726817
0.704990 102.597544 97.614289
0.705710 102.887972 97.550684
0.706420 103.171906 97.536759
0.707140 103.447045 97.572637
0.707850 103.711115 97.657806
0.708570 103.961896 97.791137
0.709280 104.197248 97.970900
0.710000 104.415139 98.194794
0.710710 104.613669 98.459983
0.711430 104.791094 98.763131
0.712140 104.945851 99.100454
0.712860 105.076575 99.467771
0.713570 105.182119 99.860557
0.714290 105.261568 100.274006
0.715000 105.314252 100.703091
0.715720 105.339757 101.142630
0.716430 105.337927 101.587351
0.717150 105.308869 102.031954
0.717860 105.252952 102.471185
0.718580 105.170801 102.899889
0.719290 105.063293 103.313080
0.720010 104.931543 103.705998
0.720720 104.776889 104.074159
0.721440 104.600880 104.413414
0.722150 104.405252 104.719990
0.722870 104.191909 104.990535
0.723580 103.962898 105.222149
0.724300 103.720385 105.412419
0.725010 103.466626 105.559438
0.725730 103.203944 105.661826
0.726440 102.934696 105.718736
0.727160 102.661250 105.729864
0.727870 102.385955 105.695440
0.728590 102.111115 105.616226
0.729300 101.838963 105.493495
0.730020 101.571640 105.329016
0.730730 101.311169 105.125023
0.731450 101.059438 104.884188
0.732160 100.818182 104.609582
0.732880 100.588967 104.304637
0.733590 100.373181 103.973103
0.734310 100.172023 103.618999
0.735020 99.986494 103.246565
0.735740 99.817400 102.860213
0.736450 99.665349 102.464471
0.737170 99.530752 102.063933
0.737880 99.413832 101.663206
0.738600 99.314630 101.266855
0.739310 99.233014 100.879356
0.740030 99.168698 100.505040
0.740740 99.121248 100.148053
0.741460 99.090104 99.812303
0.742170 99.074595 99.501427
0.742890 99.073957 99.218744
0.743600 99.087350 98.967226
0.744320 99.113882 98.749466
0.745030 99.152621 98.567653
0.745750 99.202615 98.423548
0.746460 99.262911 98.318470
0.747180 99.332568 98.253285
0.747890 99.410674 98.228396
0.748610 99.496354 98.243746
0.749320 99.588785 98.298816
0.750040 99.687205 98.392639
0.750750 99.790915 98.523806
0.751470 99.899287 98.690492
0.752180 100.011764 98.890469
0.752900 100.127862 99.121137
0.753610 100.247165 99.379556
0.754330 100.369319 99.662471
0.755040 100.494032 99.966356
0.755760 100.621058 100.287449
0.756470 100.750193 100.621795
0.757190 100.881261 100.965289
0.757900 101.014102 101.313721
0.758620 101.148562 101.662818
0.759330 101.284477 102.008299
0.760050 101.421661 102.345913
0.760760 101.559896 102.671489
0.761480 101.698915 102.980982
0.762190 101.838395 103.270517
0.762910 101.977945 103.536427
0.763620 102.117099 103.775302
0.764340 102.255309 103.984019
0.765050 102.391939 104.159781
0.765770 102.526263 104.300148
0.766480 102.657467 104.403066
0.767200 102.784648 104.466887
0.767910 102.906819 104.490396
0.768630 103.022917 104.472819
0.769340 103.131810 104.413840
0.770060 103.232311 104.313604
0.770770 103.323188 104.172718
0.771490 103.403182 103.992249
0.772200 103.471022 103.773714
0.772920 103.525445 103.519067
0.773630 103.565212 103.230681
0.774350 103.589132 102.911321
0.775060 103.596079 102.564122
0.775780 103.585016 102.192551
0.776490 103.555012 101.800377
0.777210 103.505262 101.391625
0.777920 103.435109 100.970536
0.778640 103.344055 100.541521
0.779350 103.231783 100.109111
0.780070 103.098164 99.677910
0.780780 102.943275 99.252536
0.781500 102.767401 98.837576
0.782210 102.571043 98.437529
0.782930 102.354923 98.056754
0.783640 102.119982 97.699418
0.784360 101.867376 97.369445
0.785070 101.598469 97.070471
0.785790 101.314826 96.805795
0.786500 101.018199 96.578338
0.787220 100.710510 96.390607
0.787930 100.393835 96.244659
0.788650 100.070383 96.142070
0.789360 99.742472 96.083915
0.790080 99.412505 96.070750
0.790790 99.082945 96.102595
0.791510 98.756283 96.178933
0.792220 98.435018 96.298709
0.792940 98.121618 96.460334
0.793650 97.818502 96.661703
0.794370 97.528004 96.900211
0.795080 97.252348 97.172783
0.795800 96.993627 97.475900
0.796510 96.753769 97.805645
0.797230 96.534525 98.157740
0.797940 96.337442 98.527598
0.798660 96.163849 98.910375
0.799370 96.014842 99.301026
0.800090 95.891271 99.694369
0.800800 95.793736 100.085141
0.801520 95.722578 100.468068
0.802230 95.677879 100.837930
0.802950 95.659466 101.189622
0.803660 95.666912 101.518227
0.804380 95.699549 101.819071
0.805090 95.756479 102.087790
0.805810 95.836585 102.320387
0.806520 95.938552 102.513285
0.807240 96.060884 102.663376
0.807950 96.201926 102.768070
0.808670 96.359890 102.825326
0.809380 96.532875 102.833690
0.810100 96.718892 102.792314
0.810810 96.915897 102.700979
0.811530 97.121807 102.560098
0.812240 97.334533 102.370722
0.812960 97.552002 102.134530
0.813670 97.772181 101.853815
0.814390 97.993098 101.531459
0.815100 98.212867 101.170906
0.815820 98.429703 100.776116
0.816530 98.641938 100.351526
0.817250 98.848040 99.901993
0.817960 99.046618 99.432737
0.818680 99.236435 98.949277
0.819390 99.416414 98.457361
0.820110 99.585638 97.962896
0.820820 99.743354 97.471871
0.821540 99.888968 96.990281
0.822250 100.022044 96.524050
0.822970 100.142292 96.078951
0.823680 100.249563 95.660534
0.824400 100.343835 95.274048
0.825110 100.425202 94.924375
0.825830 100.493860 94.615959
0.826540 100.550091 94.352748
0.827260 100.594248 94.138136
0.827970 100.626740 93.974921
0.828690 100.648013 93.865256
0.829400 100.658539 93.810624
0.830120 100.658797 93.811809
0.830830 100.649262 93.868886
0.831550 100.630390 93.981211
0.832260 100.602610 94.147428
0.832980 100.566311 94.365482
0.833690 100.521838 94.632642
0.834410 100.469485 94.945533
0.835120 100.409492 95.300179
0.835840 100.342042 95.692047
0.836550 100.267267 96.116111
0.837270 100.185245 96.566911
0.837980 100.096012 97.038622
0.838700 99.999564 97.525135
0.839410 99.895866 98.020131
0.840130 99.784868 98.517167
0.840840 99.666510 99.009757
0.841560 99.540740 99.491463
0.842270 99.407522 99.955975
0.842990 99.266857 100.397200
0.843700 99.118790 100.809338
0.844420 98.963429 101.186966
0.845130 98.800954 101.525107
0.845850 98.631634 101.819298
0.846560 98.455831 102.065653
0.847280 98.274018 102.260914
0.847990 98.086778 102.402496
0.848710 97.894818 102.488525
0.849420 97.698966 102.517861
0.850140 97.500176 102.490121
0.850850 97.299525 102.405678
0.851570 97.098211 102.265665
0.852280 96.897542 102.071955
0.853000 96.698934 101.827140
0.853710 96.503893 101.534499
0.854430 96.314007 101.197954
0.855140 96.130925 100.822018
0.855860 95.956343 100.411736
0.856570 95.791981 99.972619
0.857290 95.639566 99.510569
0.858000 95.500805 99.031804
0.858720 95.377369 98.542772
0.859430 95.270860 98.050070
0.860150 95.182798 97.560348
0.860860 95.114589 97.080229
0.861580 95.067510 96.616218
0.862290 95.042683 96.174612
0.863010 95.041056 95.761421
0.863720 95.063389 95.382287
0.864440 95.110233 95.042406
0.865150 95.181918 94.746465
0.865870 95.278547 94.498573
0.866580 95.399983 94.302216
0.867300 95.545845 94.160202
0.868010 95.715509 94.074631
0.868730 95.908110 94.046866
0.869440 96.122543 94.077517
0.870160 96.357478 94.166431
0.870870 96.611364 94.312701
0.871590 96.882450 94.514675
0.872300 97.168800 94.769983
0.873020 97.468313 95.075565
0.873730 97.778745 95.427719
0.874450 98.097735 95.822150
0.875160 98.422831 96.254025
0.875880 98.751516 96.718042
0.876590 99.081237 97.208503
0.877310 99.409436 97.719384
0.878020 99.733576 98.244423
0.878740 100.051172 98.777199
0.879450 100.359818 99.311218
0.880170 100.657213 99.839998
0.880880 100.941188 100.357156
0.881600 101.209730 100.856492
0.882310 101.461000 101.332064
0.883030 101.693354 101.778274
0.883740 101.905359 102.189930
0.884460 102.095806 102.562320
0.885170 102.263718 102.891265
0.885890 102.408360 103.173176
0.886600 102.529238 103.405094
0.887320 102.626103 103.584725
0.888030 102.698946 103.710470
0.888750 102.747992 103.781437
0.889460 102.773690 103.797451
0.890180 102.776703 103.759049
0.890890 102.757889 103.667474
0.891610 102.718289 103.524646
0.892320 102.659107 103.333139
0.893040 102.581685 103.096140
0.893750 102.487488 102.817404
0.894470 102.378076 102.501199
0.895180 102.255083 102.152252
0.895900 102.120192 101.775677
0.896610 101.975117 101.376913
0.897330 101.821571 100.961646
0.898040 101.661254 100.535734
0.898760 101.495828 100.105134
0.899470 101.326898 99.675820
0.900190 101.155997 99.253706
0.900900 100.984570 98.844575
0.901620 100.813964 98.453999
0.902330 100.645413 98.087275
0.903050 100.480037 97.749355
0.903760 100.318830 97.444788
0.904480 100.162664 97.177667
0.905190 100.012285 96.951575
0.905910 99.868317 96.769551
0.906620 99.731268 96.634051
0.907340 99.601533 96.546923
0.908050 99.479407 96.509392
0.908770 99.365093 96.522046
0.909480 99.258714 96.584839
0.910200 99.160328 96.697094
0.910910 99.069936 96.857519
0.911630 98.987502 97.064230
0.912340 98.912965 97.314777
0.913060 98.846251 97.606185
0.913770 98.787286 97.934994
0.914490 98.736011 98.297306
0.915200 98.692393 98.688838
0.915920 98.656431 99.104981
0.916630 98.628166 99.540859
0.917350 98.607690 99.991393
0.918060 98.595146 100.451362
0.918780 98.590731 100.915475
0.919490 98.594698 101.378430
0.920210 98.607353 101.834983
0.920920 98.629047 102.280012
0.921640 98.660177 102.708572
0.922350 98.701168 103.115962
0.923070 98.752472 103.497773
0.923780 98.814548 103.849937
0.924500 98.887856 104.168779
0.925210 98.972836 104.451050
0.925930 99.069898 104.693966
0.926640 99.179402 104.895230
0.927360 99.301646 105.053063
0.928070 99.436846 105.166210
0.928790 99.585125 105.233956
0.929500 99.746496 105.256125
0.930220 99.920848 105.233075
0.930930 100.107936 105.165692
0.931650 100.307371 105.055369
0.932360 100.518610 104.903988
0.933080 100.740952 104.713889
0.933790 100.973535 104.487840
0.934510 101.215333 104.229000
0.935220 101.465160 103.940878
0.935940 101.721675 103.627287
0.936650 101.983386 103.292297
0.937370 102.248667 102.940189
0.938080 102.515764 102.575398
0.938800 102.782813 102.202467
0.939510 103.047861 101.825987
0.940230 103.308880 101.450549
0.940940 103.563794 101.080691
0.941660 103.810499 100.720846
0.942370 104.046889 100.375293
0.943090 104.270881 100.048110
0.943800 104.480440 99.743131
0.944520 104.673605 99.463903
0.945230 104.848519 99.213651
0.945950 105.003445 98.995241
0.946660 105.136798 98.811156
0.947380 105.247162 98.663466
0.948090 105.333315 98.553811
0.948810 105.394241 98.483385
0.949520 105.429153 98.452925
0.950240 105.437498 98.462707
0.950950 105.418975 98.512545
0.951670 105.373536 98.601793
0.952380 105.301392 98.729360
0.953100 105.203010 98.893721
0.953810 105.079117 99.092933
0.954530 104.930685 99.324661
0.955240 104.758926 99.586207
0.955960 104.565278 99.874536
0.956670 104.351388 100.186310
0.957390 104.119095 100.517931
0.958100 103.870407 100.865573
0.958820 103.607478 101.225230
0.959530 103.332585 101.592756
0.960250 103.048097 101.963911
0.960960 102.756451 102.334409
0.961680 102.460123 102.699961
0.962390 102.161598 103.056325
0.963110 101.863341 103.399349
0.963820 101.567775 103.725018
0.964540 101.277244 104.029498
0.965250 100.993998 104.309179
0.965970 100.720163 104.560709
0.966680 100.457720 104.781041
0.967400 100.208487 104.967456
0.968110 99.974103 105.117604
0.968830 99.756012 105.229525
0.969540 99.555455 105.301674
0.970260 99.373457 105.332938
0.970970 99.210827 105.322655
0.971690 99.068156 105.270618
0.972400 98.945816 105.177085
0.973120 98.843966 105.042773
0.973830 98.762558 104.868861
0.974550 98.701351 104.656971
0.975260 98.659916 104.409162
0.975980 98.637659 104.127901
0.976690 98.633831 103.816047
0.977410 98.647549 103.476817
0.978120 98.677814 103.113753
0.978840 98.723530 102.730688
0.979550 98.783529 102.331701
0.980270 98.856585 101.921076
0.980980 98.941439 101.503255
0.981700 99.036817 101.082787
0.982410 99.141449 100.664279
0.983130 99.254087 100.252343
0.983840 99.373517 99.851543
0.984560 99.498581 99.466343
0.985270 99.628180 99.101052
0.985990 99.761292 98.759778
0.986700 99.896975 98.446371
0.987420 100.034373 98.164380
0.988130 100.172721 97.917009
0.988850 100.311343 97.707072
0.989560 100.449653 97.536961
0.990280 100.587149 97.408608
0.990990 100.723408 97.323462
0.991710 100.858081 97.282463
0.992420 100.990879 97.286027
0.993140 101.121565 97.334036
0.993850 101.249942 97.425831
0.994570 101.375842 97.560219
0.995280 101.499111 97.735475
0.996000 101.619596 97.949362
0.996710 101.737134 98.199151
0.997430 101.851538 98.481648
0.998140 101.962588 98.793228
0.998860 102.070016 99.129877
0.999570 102.173504 99.487231
1.000290 102.272669 99.860633
1.001000 102.367064 100.245182
1.001720 102.456169 100.635791
1.002430 102.539395 101.027253
1.003150 102.616082 101.414296
1.003860 102.685501 101.791655
1.004580 102.746863 102.154133
1.005290 102.799325 102.496671
1.006010 102.841996 102.814407
1.006720 102.873955 103.102743
1.007440 102.894263 103.357408
1.008150 102.901974 103.574507
1.008870 102.896155 103.750583
1.009580 102.875904 103.882659
1.010300 102.840366 103.968284
1.011010 102.788751 104.005569
1.011730 102.720358 103.993216
1.012440 102.634585 103.930540
1.013160 102.530952 103.817488
1.013870 102.409118 103.654640
1.014590 102.268893 103.443214
1.015300 102.110254 103.185050
1.016020 101.933353 102.882600
1.016730 101.738531 102.538899
1.017450 101.526321 102.157530
1.018160 101.297455 101.742586
1.018880 101.052863 101.298622
1.019590 100.793670 100.830598
1.020310 100.521196 100.343823
1.021020 100.236944 99.843886
1.021740 99.942590 99.336590
1.022450 99.639972 98.827875
1.023170 99.331071 98.323743
1.023880 99.017994 97.830187
1.024600 98.702951 97.353104
1.025310 98.388233 96.898224
1.026030 98.076191 96.471033
1.026740 97.769202 96.076699
1.027460 97.469648 95.720004
1.028170 97.179887 95.405277
1.028890 96.902225 95.136336
1.029600 96.638889 94.916435
1.030320 96.391998 94.748215
1.031030 96.163540 94.633669
1.031750 95.955345 94.574109
1.032460 95.769065 94.570147
1.033180 95.606150 94.621680
1.033890 95.467836 94.727888
1.034610 95.355123 94.887243
1.035320 95.268767 95.097523
1.036040 95.209269 95.355835
1.036750 95.176871 95.658654
1.037470 95.171551 96.001865
1.038180 95.193026 96.380812
1.038900 95.240758 96.790359
1.039610 95.313957 97.224953
1.040330 95.411596 97.678700
1.041040 95.532424 98.145437
1.041760 95.674979 98.618814
1.042470 95.837616 99.092378
1.043190 96.018519 99.559658
1.043900 96.215729 100.014248
1.044620 96.427170 100.449895
1.045330 96.650674 100.860584
1.046050 96.884004 101.240614
1.046760 97.124889 101.584679
1.047480 97.371044 101.887937
1.048190 97.620201 102.146077
1.048910 97.870132 102.355380
1.049620 98.118676 102.512764
1.050340 98.363760 102.615836
1.051050 98.603423 102.662917
1.051770 98.835831 102.653071
1.052480 99.059296 102.586116
1.053200 99.272291 102.462633
1.053910 99.473458 102.283954
1.054630 99.661619 102.052152
1.055340 99.835779 101.770007
1.056060 99.995132 101.440979
1.056770 100.139056 101.069154
1.057490 100.267113 100.659200
1.058200 100.379044 100.216296
1.058920 100.474756 99.746072
1.059630 100.554316 99.254528
1.060350 100.617936 98.747960
1.061060 100.665961 98.232871
1.061780 100.698852 97.715889
1.062490 100.717168 97.203677
1.063210 100.721552 96.702846
1.063920 100.712709 96.219865
1.064640 100.691394 95.760974
1.065350 100.658390 95.332106
1.066070 100.614493 94.938805
1.066780 100.560497 94.586153
1.067500 100.497180 94.278703
1.068210 100.425288 94.020418
1.068930 100.345528 93.814624
1.069640 100.258558 93.663959
1.070360 100.164979 93.570346
1.071070 100.065328 93.534964
1.071790 99.960081 93.558237
1.072500 99.849647 93.639827
1.073220 99.734376 93.778642
1.073930 99.614554 93.972853
1.074650 99.490418 94.219917
1.075360 99.362159 94.516615
1.076080 99.229932 94.859094
1.076790 99.093865 95.242925
1.077510 98.954076 95.663156
1.078220 98.810679 96.114385
1.078940 98.663802 96.590829
1.079650 98.513597 97.086405
1.080370 98.360254 97.594810
1.081080 98.204017 98.109602
1.081800 98.045188 98.624291
1.082510 97.884146 99.132419
1.083230 97.721350 99.627650
1.083940 97.557350 100.103850
1.084660 97.392793 100.555165
1.085370 97.228424 100.976100
1.086090 97.065088 101.361590
1.086800 96.903733 101.707058
1.087520 96.745401 102.008480
1.088230 96.591226 102.262430
1.088950 96.442423 102.466123
1.089660 96.300282 102.617449
1.090380 96.166152 102.714994
1.091090 96.041424 102.758054
1.091810 95.927519 102.746645
1.092520 95.825870 102.681491
1.093240 95.737898 102.564017
1.093950 95.664995 102.396318
1.094670 95.608501 102.181134
1.095380 95.569684 101.921809
1.096100 95.549718 101.622237
1.096810 95.549663 101.286816
1.097530 95.570442 100.920382
1.098240 95.612824 100.528143
1.098960 95.677408 100.115612
1.099670 95.764602 99.688531
1.100390 95.874617 99.252793
1.101100 96.007450 98.814372
1.101820 96.162877 98.379234
1.102530 96.340448 97.953273
1.103250 96.539485 97.542224
1.103960 96.759082 97.151599
1.104680 96.998108 96.786614
1.105390 97.255216 96.452126
1.106110 97.528851 96.152574
1.106820 97.817263 95.891925
1.107540 98.118526 95.673629
1.108250 98.430554 95.500578
1.108970 98.751123 95.375076
1.109680 99.077893 95.298814
1.110400 99.408437 95.272853
1.111110 99.740263 95.297621
1.111830 100.070846 95.372907
1.112540 100.397653 95.497877
1.113260 100.718175 95.671082
1.113970 101.029952 95.890491
1.114690 101.330605 96.153515
1.115400 101.617862 96.457050
1.116120 101.889584 96.797516
1.116830 102.143785 97.170911
1.117550 102.378664 97.572862
1.118260 102.592613 97.998685
1.118980 102.784244 98.443442
1.119690 102.952397 98.902009
1.120410 103.096153 99.369142
1.121120 103.214844 99.839536
1.121840 103.308054 100.307896
1.122550 103.375621 100.769001
1.123270 103.417638 101.217765
1.123980 103.434444 101.649299
1.124700 103.426616 102.058968
1.125410 103.394959 102.442441
1.126130 103.340491 102.795745
1.126840 103.264424 103.115307
1.127560 103.168148 103.397989
1.128270 103.053208 103.641126
1.128990 102.921282 103.842549
1.129700 102.774155 104.000607
1.130420 102.613699 104.114178
1.131130 102.441845 104.182681
1.131850 102.260555 104.206072
1.132560 102.071805 104.184842
1.133280 101.877553 104.120003
1.133990 101.679721 104.013069
1.134710 101.480172 103.866039
1.135420 101.280690 103.681358
1.136140 101.082965 103.461895
1.136850 100.888573 103.210894
1.137570 100.698967 102.931940
1.138280 100.515464 102.628912
1.139000 100.339241 102.305932
1.139710 100.171324 101.967319
1.140430 100.012592 101.617532
1.141140 99.863772 101.261126
1.141860 99.725444 100.902690
1.142570 99.598050 100.546798
1.143290 99.481893 100.197959
1.144000 99.377155 99.860564
1.144720 99.283902 99.538836
1.145430 99.202102 99.236788
1.146150 99.131632 98.958175
1.146860 99.072300 98.706457
1.147580 99.023854 98.484762
1.148290 98.986001 98.295853
1.149010 98.958420 98.142099
1.149720 98.940779 98.025454
1.150440 98.932744 97.947437
1.151150 98.933997 97.909114
1.151870 98.944243 97.911098
1.152580 98.963223 97.953536
1.153300 98.990717 98.036115
1.154010 99.026556 98.158065
1.154730 99.070620 98.318172
1.155440 99.122845 98.514793
1.156160 99.183216 98.745872
1.156870 99.251769 99.008972
1.157590 99.328587 99.301292
1.158300 99.413788 99.619708
1.159020 99.507520 99.960803
1.159730 99.609951 100.320906
1.160450 99.721255 100.696132
1.161160 99.841602 101.082424
1.161880 99.971141 101.475599
1.162590 100.109989 101.871390
1.163310 100.258213 102.265497
1.164020 100.415820 102.653628
1.164740 100.582738 103.031550
1.165450 100.758806 103.395133
1.166170 100.943761 103.740394
1.166880 101.137229 104.063542
1.167600 101.338710 104.361021
1.168310 101.547580 104.629543
1.169030 101.763076 104.866131
1.169740 101.984302 105.068151
1.170460 102.210222 105.233339
1.171170 102.439668 105.359829
1.171890 102.671340 105.446176
1.172600 102.903815 105.491373
1.173320 103.135560 105.494862
1.174030 103.364942 105.456547
1.174750 103.590241 105.376793
1.175460 103.809674 105.256428
1.176180 104.021405 105.096734
1.176890 104.223575 104.899440
1.177610 104.414315 104.666699
1.178320 104.591779 104.401075
1.179040 104.754160 104.105509
1.179750 104.899716 103.783298
1.180470 105.026799 103.438051
1.181180 105.133872 103.073660
1.181900 105.219537 102.694251
1.182610 105.282554 102.304144
1.183330 105.321861 101.907805
1.184040 105.336594 101.509793
1.184760 105.326102 101.114712
1.185470 105.289961 100.727158
1.186190 105.227982 100.351666
1.186900 105.140223 99.992657
1.187620 105.026989 99.654384
1.188330 104.888835 99.340885
1.189050 104.726567 99.055928
1.189760 104.541231 98.802971
1.190480 104.334108 98.585112
1.191190 104.106701 98.405053
1.191910 103.860719 98.265062
1.192620 103.598063 98.166943
1.193340 103.320799 98.112007
1.194050 103.031142 98.101054
1.194770 102.731428 98.134357
1.195480 102.424087 98.211650
1.196200 102.111617 98.332132
1.196910 101.796555 98.494463
1.197630 101.481449 98.696779
1.198340 101.168825 98.936707
1.199060 100.861164 99.211391
1.199770 100.560871 99.517514
1.200490 100.270249 99.851342
1.201200 99.991474 100.208761
1.201920 99.726572 100.585320
1.202630 99.477398 100.976289
1.203350 99.245617 101.376707
1.204060 99.032690 101.781446
1.204780 98.839862 102.185269
1.205490 98.668148 102.582896
1.206210 98.518332 102.969068
1.206920 98.390961 103.338612
1.207640 98.286347 103.686508
1.208350 98.204567 104.007952
1.209070 98.145475 104.298421
1.209780 98.108704 104.553729
1.210500 98.093687 104.770086
1.211210 98.099663 104.944149
1.211930 98.125697 105.073069
1.212640 98.170702 105.154534
1.213360 98.233453 105.186798
1.214070 98.312611 105.168718
1.214790 98.406747 105.099767
1.215500 98.514361 104.980050
1.216220 98.633904 104.810309
1.216930 98.763807 104.591921
1.217650 98.902491 104.326883
1.218360 99.048398 104.017798
1.219080 99.200004 103.667843
1.219790 99.355839 103.280733
1.220510 99.514500 102.860686
1.221220 99.674667 102.412363
1.221940 99.835111 101.940819
1.222650 99.994708 101.451442
1.223370 100.152438 100.949880
1.224080 100.307397 100.441980
1.224800 100.458790 99.933703
1.225510 100.605937 99.431058
1.226230 100.748263 98.940020
1.226940 100.885299 98.466451
1.227660 101.016670 98.016027
1.228370 101.142088 97.594159
1.229090 101.261339 97.205924
1.229800 101.374273 96.855995
1.230520 101.480793 96.548577
1.231230 101.580836 96.287349
1.231950 101.674366 96.075413
1.232660 101.761355 95.915251
1.233380 101.841776 95.808685
1.234090 101.915584 95.756851
1.234810 101.982711 95.760181
1.235520 102.043050 95.818392
1.236240 102.096453 95.930483
1.236950 102.142719 96.094749
1.237670 102.181592 96.308796
1.238380 102.212759 96.569570
1.239100 102.235848 96.873394
1.239810 102.250428 97.216012
1.240530 102.256017 97.592642
1.241240 102.252087 97.998040
1.241960 102.238069 98.426564
1.242670 102.213367 98.872246
1.243390 102.177368 99.328873
1.244100 102.129453 99.790066
1.244820 102.069019 100.249363
1.245530 101.995485 100.700307
1.246250 101.908316 101.136530
1.246960 101.807035 101.551838
1.247680 101.691245 101.940292
1.248390 101.560637 102.296294
1.249110 101.415014 102.614655
1.249820 101.254304 102.890671
1.250540 101.078568 103.120183
1.251250 100.888019 103.299637
1.251970 100.683028 103.426133
1.252680 100.464133 103.497463
1.253400 100.232043 103.512144
1.254110 99.987642 103.469441
1.254830 99.731990 103.369375
1.255540 99.466318 103.212727
1.256260 99.192023 103.001029
1.256970 98.910662 102.736547
1.257690 98.623936 102.422246
1.258400 98.333682 102.061759
1.259120 98.041851 101.659337
1.259830 97.750492 101.219790
1.260550 97.461732 100.748431
1.261260 97.177751 100.250999
1.261980 96.900758 99.733587
1.262690 96.632968 99.202559
1.263410 96.376573 98.664469
1.264120 96.133717 98.125971
1.264840 95.906469 97.593732
1.265550 95.696798 97.074343
1.266270 95.506544 96.574230
1.266980 95.337400 96.099574
1.267700 95.190883 95.656224
1.268410 95.068317 95.249620
1.269130 94.970814 94.884724
1.269840 94.899258 94.565953
1.270560 94.854293 94.297121
1.271270 94.836311 94.081389
1.271990 94.845446 93.921225
1.272700 94.881574 93.818373
1.273420 94.944306 93.773827
1.274130 95.032999 93.787828
1.274850 95.146757 93.859851
1.275560 95.284444 93.988623
1.276280 95.444697 94.172139
1.276990 95.625941 94.407688
1.277710 95.826408 94.691894
1.278420 96.044159 95.020762
1.279140 96.277108 95.389729
1.279850 96.523045 95.793734
1.280570 96.779664 96.227279
1.281280 97.044590 96.684507
1.282000 97.315407 97.159279
1.282710 97.589686 97.645258
1.283430 97.865015 98.135994
1.284140 98.139023 98.625004
1.284860 98.409409 99.105864
1.285570 98.673966 99.572293
1.286290 98.930602 100.018229
1.287000 99.177366 100.437916
1.287720 99.412462 100.825970
1.288430 99.634266 101.177455
1.289150 99.841342 101.487943
1.289860 100.032449 101.753566
1.290580 100.206549 101.971070
1.291290 100.362813 102.137850
1.292010 100.500622 102.251981
1.292720 100.619563 102.312240
1.293440 100.719424 102.318118
1.294150 100.800193 102.269822
1.294870 100.862038 102.168267
1.295580 100.905304 102.015061
1.296300 100.930492 101.812478
1.297010 100.938246 101.563427
1.297730 100.929336 101.271404
1.298440 100.904639 100.940450
1.299160 100.865119 100.575087
1.299870 100.811807 100.180264
1.300590 100.745784 99.761281
1.301300 100.668159 99.323726
1.302020 100.580054 98.873395
1.302730 100.482581 98.416219
1.303450 100.376834 97.958183
1.304160 100.263866 97.505251
1.304880 100.144683 97.063291
1.305590 100.020229 96.637995
1.306310 99.891381 96.234814
1.307020 99.758939 95.858884
1.307740 99.623627 95.514968
1.308450 99.486084 95.207396
1.309170 99.346874 94.940013
1.309880 99.206480 94.716136
1.310600 99.065315 94.538517
1.311310 98.923727 94.409310
1.312030 98.782006 94.330052
1.312740 98.640395 94.301649
1.313460 98.499103 94.324371
1.314170 98.358314 94.397850
1.314890 98.218201 94.521100
1.315600 98.078939 94.692525
1.316320 97.940719 94.909954
1.317030 97.803757 95.170666
1.317750 97.668311 95.471436
1.318460 97.534685 95.808576
1.319180 97.403246 96.177989
1.319890 97.274426 96.575220
1.320610 97.148732 96.995519
1.321320 97.026746 97.433899
1.322040 96.909134 97.885203
1.322750 96.796639 98.344167
1.323470 96.690081 98.805489
1.324180 96.590354 99.263889
1.324900 96.498417 99.714178
1.325610 96.415286 100.151320
1.326330 96.342021 100.570486
1.327040 96.279715 100.967119
1.327760 96.229478 101.336978
1.328470 96.192417 101.676191
1.329190 96.169627 101.981295
1.329900 96.162162 102.249274
1.330620 96.171022 102.477588
1.331330 96.197133 102.664202
1.332050 96.241327 102.807601
1.332760 96.304319 102.906804
1.333480 96.386696 102.961367
1.334190 96.488895 102.971387
1.334910 96.611188 102.937489
1.335620 96.753672 102.860818
1.336340 96.916251 102.743014
1.337050 97.098634 102.586194
1.337770 97.300322 102.392916
1.338480 97.520611 102.166148
1.339200 97.758583 101.909225
1.339910 98.013117 101.625812
1.340630 98.282887 101.319853
1.341340 98.566375 100.995525
1.342060 98.861881 100.657187
1.342770 99.167536 100.309326
1.343490 99.481320 99.956509
1.344200 99.801083 99.603325
1.344920 100.124563 99.254334
1.345630 100.449414 98.914017
1.346350 100.773228 98.586723
1.347060 101.093563 98.276625
1.347780 101.407972 97.987669
1.348490 101.714029 97.723536
1.349210 102.009357 97.487601
1.349920 102.291659 97.282898
1.350640 102.558742 97.112087
1.351350 102.808543 96.977430
1.352070 103.039157 96.880767
1.352780 103.248857 96.823496
1.353500 103.436114 96.806565
1.354210 103.599617 96.830463
1.354930 103.738286 96.895213
1.355640 103.851285 97.000379
1.356360 103.938033 97.145073
1.357070 103.998207 97.327962
1.357790 104.031745 97.547291
1.358500 104.038843 97.800898
1.359220 104.019957 98.086242
1.359930 103.975786 98.400434
1.360650 103.907268 98.740263
1.361360 103.815565 99.102237
1.362080 103.702041 99.482621
1.362790 103.568252 99.877474
1.363510 103.415915 100.282696
1.364220 103.246893 100.694073
1.364940 103.063164 101.107317
1.365650 102.866801 101.518118
1.366370 102.659941 101.922189
1.367080 102.444762 102.315311
1.367800 102.223453 102.693380
1.368510 101.998190 103.052451
1.369230 101.771113 103.388782
1.369940 101.544299 103.698874
1.370660 101.319740 103.979508
1.371370 101.099326 104.227783
1.372090 100.884822 104.441150
1.372800 100.677857 104.617436
1.373520 100.479909 104.754874
1.374230 100.292295 104.852120
1.374950 100.116164 104.908273
1.375660 99.952488 104.922885
1.376380 99.802070 104.895968
1.377090 99.665533 104.827999
1.377810 99.543334 104.719914
1.378520 99.435763 104.573101
1.379240 99.342956 104.389391
1.379950 99.264905 104.171036
1.380670 99.201466 103.920690
1.381380 99.152378 103.641379
1.382100 99.117279 103.336473
1.382810 99.095716 103.009650
1.383530 99.087166 102.664855
1.384240 99.091053 102.306260
1.384960 99.106764 101.938217
1.385670 99.133664 101.565210
1.386390 99.171111 101.191806
1.387100 99.218473 100.822602
1.387820 99.275138 100.462174
1.388530 99.340528 100.115023
1.389250 99.414106 99.785521
1.389960 99.495384 99.477861
1.390680 99.583930 99.196007
1.391390 99.679368 98.943642
1.392110 99.781384 98.724126
1.392820 99.889719 98.540448
1.393540 100.004170 98.395193
1.394250 100.124581 98.290503
1.394970 100.250842 98.228047
1.395680 100.382871 98.208997
1.396400 100.520612 98.234009
1.397110 100.664019 98.303209
1.397830 100.813044 98.416184
1.398540 100.967624 98.571983
1.399260 101.127670 98.769122
1.399970 101.293048 99.005594
1.400690 101.463571 99.278890
1.401400 101.638985 99.586022
1.402120 101.818957 99.923554
1.402830 102.003063 100.287641
1.403550 102.190785 100.674067
1.404260 102.381496 101.078297
1.404980 102.574464 101.495525
1.405690 102.768842 101.920732
1.406410 102.963672 102.348748
1.407120 103.157884 102.774310
1.407840 103.350305 103.192126
1.408550 103.539661 103.596945
1.409270 103.724591 103.983618
1.409980 103.903655 104.347165
1.410700 104.075351 104.682841
1.411410 104.238130 104.986193
1.412130 104.390414 105.253125
1.412840 104.530617 105.479947
1.413560 104.657162 105.663430
1.414270 104.768505 105.800852
1.414990 104.863160 105.890033
1.415700 104.939716 105.929375
1.416420 104.996863 105.917879
1.417130 105.033412 105.855174
1.417850 105.048318 105.741520
1.418560 105.040698 105.577816
1.419280 105.009847 105.365591
1.419990 104.955259 105.106993
1.420710 104.876635 104.804767
1.421420 104.773898 104.462225
1.422140 104.647202 104.083209
1.422850 104.496934 103.672049
1.423570 104.323716 103.233506
1.424280 104.128410 102.772720
1.425000 103.912107 102.295145
1.425710 103.676125 101.806482
1.426430 103.421994 101.312607
1.427140 103.151444 100.819497
1.427860 102.866391 100.333153
1.428570 102.568915 99.859521
1.429290 102.261238 99.404420
1.430000 101.945703 98.973457
1.430720 101.624744 98.571961
1.431430 101.300865 98.204907
1.432150 100.976606 97.876847
1.432860 100.654518 97.591854
1.433580 100.337132 97.353458
1.434290 100.026933 97.164602
1.435010 99.726326 97.027597
1.435720 99.437615 96.944088
1.436440 99.162975 96.915028
1.437150 98.904425 96.940663
1.437870 98.663812 97.020522
1.438580 98.442784 97.153419
1.439300 98.242781 97.337467
1.440010 98.065014 97.570097
1.440730 97.910459 97.848088
1.441440 97.779846 98.167608
1.442160 97.673658 98.524259
1.442870 97.592128 98.913132
1.443590 97.535240 99.328872
1.444300 97.502738 99.765745
1.445020 97.494131 100.217712
1.445730 97.508708 100.678507
1.446450 97.545549 101.141721
1.447160 97.603545 101.600886
1.447880 97.681414 102.049557
1.448590 97.777722 102.481403
1.449310 97.890909 102.890287
1.450020 98.019305 103.270351
1.450740 98.161162 103.616095
1.451450 98.314672 103.922448
1.452170 98.477995 104.184841
1.452880 98.649280 104.399266
1.453600 98.826690 104.562333
1.454310 99.008424 104.671318
1.455030 99.192734 104.724198
1.455740 99.377947 104.719681
1.456460 99.562481 104.657227
1.457170 99.744858 104.537056
1.457890 99.923714 104.360144
1.458600 100.097814 104.128216
1.459320 100.266053 103.843723
1.460030 100.427462 103.509809
1.460750 100.581212 103.130272
1.461460 100.726608 102.709517
1.462180 100.863089 102.252492
1.462890 100.990221 101.764629
1.463610 101.107689 101.251770
1.464320 101.215289 100.720089
1.465040 101.312914 100.176011
1.465750 101.400543 99.626128
1.466470 101.478226 99.077111
1.467180 101.546074 98.535619
1.467900 101.604238 98.008215
1.468610 101.652900 97.501276
1.469330 101.692257 97.020908
1.470040 101.722505 96.572869
1.470760 101.743833 96.162488
1.471470 101.756402 95.794600
1.472190 101.760347 95.473476
1.472900 101.755756 95.202774
1.473620 101.742677 94.985486
1.474330 101.721103 94.823904
1.475050 101.690975 94.719588
1.475760 101.652182 94.673345
1.476480 101.604562 94.685224
1.477190 101.547908 94.754518
1.477910 101.481974 94.879768
1.478620 101.406479 95.058791
1.479340 101.321127 95.288712
1.480050 101.225607 95.565995
1.480770 101.119616 95.886503
1.481480 101.002866 96.245548
1.482200 100.875101 96.637955
1.482910 100.736116 97.058136
1.483630 100.585764 97.500161
1.484340 100.423979 97.957842
1.485060 100.250784 98.424812
1.485770 100.066310 98.894613
1.486490 99.870805 99.360777
1.487200 99.664642 99.816919
1.487920 99.448335 100.256812
1.488630 99.222539 100.674476
1.489350 98.988058 101.064252
1.490060 98.745845 101.420875
1.490780 98.497003 101.739540
1.491490 98.242782 102.015968
1.492210 97.984570 102.246455
1.492920 97.723890 102.427917
1.493640 97.462381 102.557931
1.494350 97.201791 102.634761
1.495070 96.943958 102.657375
1.495780 96.690792 102.625458
1.496500 96.444253 102.539408
1.497210 96.206332 102.400331
1.497930 95.979027 102.210018
1.498640 95.764316 101.970919
1.499360 95.564136 101.686106
1.500070 95.380355 101.359232
1.500790 95.214749 100.994476
1.501500 95.068976 100.596486
1.502220 94.944554 100.170317
1.502930 94.842837 99.721360
1.503650 94.764996 99.255273
1.504360 94.712001 98.777904
1.505080 94.684602 98.295216
1.505790 94.683319 97.813204
1.506510 94.708430 97.337827
1.507220 94.759962 96.874922
1.507940 94.837689 96.430138
1.508650 94.941129 96.008860
1.509370 95.069548 95.616145
1.510080 95.221964 95.256659
1.510800 95.397158 94.934622
1.511510 95.593685 94.653757
1.512230 95.809887 94.417251
1.512940 96.043916 94.227712
1.513660 96.293750 94.087148
1.514370 96.557220 93.996946
1.515090 96.832029 93.957857
1.515800 97.115785 93.969996
1.516520 97.406025 94.032846
1.517230 97.700243 94.145270
1.517950 97.995920 94.305533
1.518660 98.290554 94.511327
1.519380 98.581686 94.759808
1.520090 98.866927 95.047636
1.520810 99.143989 95.371022
1.521520 99.410704 95.725782
1.522240 99.665048 96.107387
1.522950 99.905165 96.511028
1.523670 100.129381 96.931680
1.524380 100.336220 97.364159
1.525100 100.524417 97.803193
1.525810 100.692926 98.243489
1.526530 100.840926 98.679793
1.527240 100.967825 99.106956
1.527960 101.073259 99.519998
1.528670 101.157087 99.914164
1.529390 101.219385 100.284980
1.530100 101.260440 100.628303
1.530820 101.280731 100.940370
1.531530 101.280923 101.217837
1.532250 101.261845 101.457815
1.532960 101.224471 101.657898
1.533680 101.169908 101.816191
1.534390 101.099367 101.931321
1.535110 101.014145 102.002452
1.535820 100.915607 102.029287
1.536540 100.805158 102.012063
1.537250 100.684228 101.951549
1.537970 100.554248 101.849024
1.538680 100.416632 101.706261
1.539400 100.272760 101.525496
1.540110 100.123961 101.309403
1.540830 99.971501 101.061054
1.541540 99.816568 100.783878
1.542260 99.660263 100.481622
1.542970 99.503595 100.158298
1.543690 99.347475 99.818141
1.544400 99.192711 99.465552
1.545120 99.040010 99.105048
1.545830 98.889982 98.741211
1.546550 98.743141 98.378632
1.547260 98.599912 98.021860
1.547980 98.460641 97.675350
1.548690 98.325605 97.343415
1.549410 98.195019 97.030175
1.550120 98.069052 96.739518
1.550840 97.947840 96.475053
1.551550 97.831494 96.240071
1.552270 97.720122 96.037518
1.552980 97.613831 95.869956
1.553700 97.512750 95.739542
1.554410 97.417033 95.648007
1.555130 97.326876 95.596637
1.555840 97.242519 95.586265
1.556560 97.164259 95.617260
1.557270 97.092452 95.689529
1.557990 97.027516 95.802521
1.558700 96.969937 95.955233
1.559420 96.920259 96.146222
1.560130 96.879089 96.373628
1.560850 96.847088 96.635190
1.561560 96.824962 96.928273
1.562280 96.813455 97.249903
1.562990 96.813335 97.596794
1.563710 96.825382 97.965387
1.564420 96.850375 98.351889
1.565140 96.889071 98.752314
1.565850 96.942192 99.162527
1.566570 97.010408 99.578288
1.567280 97.094318 99.995300
1.568000 97.194431 100.409252
1.568710 97.311151 100.815868
1.569430 97.444762 101.210952
1.570140 97.595408 101.590435
1.570860 97.763085 101.950418
1.571570 97.947625 102.287213
1.572290 98.148688 102.597388
1.573000 98.365755 102.877800
1.573720 98.598120 103.125633
1.574430 98.844893 103.338425
1.575150 99.104996 103.514105
1.575860 99.377166 103.651007
1.576580 99.659966 103.747896
1.577290 99.951790 103.803983
1.578010 100.250877 103.818932
1.578720 100.555326 103.792872
1.579440 100.863112 103.726391
1.580150 101.172106 103.620539
1.580870 101.480100 103.476814
1.581580 101.784824 103.297151
1.582300 102.083979 103.083902
1.583010 102.375256 102.839815
1.583730 102.656368 102.568002
1.584440 102.925076 102.271909
1.585160 103.179212 101.955280
1.585870 103.416713 101.622117
1.586590 103.635641 101.276637
1.587300 103.834210 100.923223
1.588020 104.010808 100.566379
1.588730 104.164017 100.210679
1.589450 104.292634 99.860711
1.590160 104.395686 99.521032
1.590880 104.472440 99.196105
1.591590 104.522417 98.890256
1.592310 104.545396 98.607617
1.593020 104.541419 98.352075
1.593740 104.510789 98.127228
1.594450 104.454069 97.936336
1.595170 104.372071 97.782282
1.595880 104.265851 97.667530
1.596600 104.136692 97.594096
1.597310 103.986089 97.563516
1.598030 103.815730 97.576822
1.598740 103.627476 97.634528
1.599460 103.423335 97.736612
1.600170 103.205440 97.882515
1.600890 102.976023 98.071139
1.601600 102.737383 98.300856
1.602320 102.491864 98.569520
1.603030 102.241826 98.874487
1.603750 101.989614 99.212641
1.604460 101.737535 99.580429
1.605180 101.487832 99.973896
1.605890 101.242658 100.388732
1.606610 101.004055 100.820316
1.607320 100.773932 101.263774
1.608040 100.554051 101.714033
1.608750 100.346007 102.165882
1.609470 100.151218 102.614036
1.610180 99.970914 103.053198
1.610900 99.806134 103.478126
1.611610 99.657716 103.883699
1.612330 99.526301 104.264982
1.613040 99.412334 104.617289
1.613760 99.316070 104.936244
1.614470 99.237578 105.217838
1.615190 99.176756 105.458487
1.615900 99.133338 105.655078
1.616620 99.106913 105.805015
1.617330 99.096937 105.906253
1.618050 99.102753 105.957336
1.618760 99.123605 105.957417
1.619480 99.158660 105.906274
1.620190 99.207024 105.804321
1.620910 99.267763 105.652611
1.621620 99.339919 105.452823
1.622340 99.422528 105.207251
1.623050 99.514634 104.918779
1.623770 99.615308 104.590849
1.624480 99.723657 104.227423
1.625200 99.838836 103.832937
1.625910 99.960058 103.412245
1.626630 100.086601 102.970564
1.627340 100.217810 102.513410
1.628060 100.353105 102.046525
1.628770 100.491975 101.575808
1.629490 100.633980 101.107242
1.630200 100.778744 100.646810
1.630920 100.925953 100.200425
1.631630 101.075341 99.773848
1.632350 101.226687 99.372615
1.633060 101.379801 99.001959
1.633780 101.534512 98.666745
1.634490 101.690656 98.371400
1.635210 101.848064 98.119852
1.635920 102.006547 97.915477
1.636640 102.165886 97.761051
1.637350 102.325819 97.658708
1.638070 102.486026 97.609909
1.638780 102.646125 97.615420
1.639500 102.805659 97.675293
1.640210 102.964089 97.788866
1.640930 103.120791 97.954763
1.641640 103.275053 98.170912
1.642360 103.426071 98.434566
1.643070 103.572954 98.742336
1.643790 103.714726 99.090230
1.644500 103.850332 99.473709
1.645220 103.978648 99.887734
1.645930 104.098490 100.326839
1.646650 104.208629 100.785199
1.647360 104.307803 101.256700
1.648080 104.394736 101.735027
1.648790 104.468154 102.213740
1.649510 104.526806 102.686363
1.650220 104.569481 103.146464
1.650940 104.595032 103.587750
1.651650 104.602394 104.004142
1.652370 104.590606 104.389859
1.653080 104.558827 104.739500
1.653800 104.506360 105.048111
1.654510 104.432666 105.311254
1.655230 104.337381 105.525073
1.655940 104.220330 105.686338
1.656660 104.081537 105.792497
1.657370 103.921236 105.841707
1.658090 103.739877 105.832865
1.658800 103.538129 105.765620
1.659520 103.316878 105.640383
1.660230 103.077231 105.458320
1.660950 102.820503 105.221341
1.661660 102.548212 104.932074
1.662380 102.262066 104.593833
1.663090 101.963949 104.210574
1.663810 101.655901 103.786842
1.664520 101.340100 103.327715
1.665240 101.018841 102.838735
1.665950 100.694506 102.325832
1.666670 100.369547 101.795253
1.667380 100.046448 101.253471
1.668100 99.727707 100.707105
1.668810 99.415801 100.162830
1.669530 99.113159 99.627287
1.670240 98.822136 99.106997
1.670960 98.544982 98.608277
1.671670 98.283819 98.137149
1.672390 98.040615 97.699267
1.673100 97.817159 97.299841
1.673820 97.615047 96.943564
1.674530 97.435656 96.634557
1.675250 97.280134 96.376311
1.675960 97.149389 96.171643
1.676680 97.044077 96.022658
1.677390 96.964595 95.930725
1.678110 96.911085 95.896459
1.678820 96.883430 95.919716
1.679540 96.881262 95.999595
1.680250 96.903966 96.134451
1.680970 96.950695 96.321921
1.681680 97.020381 96.558958
1.682400 97.111754 96.841871
1.683110 97.223358 97.166376
1.683830 97.353574 97.527657
1.684540 97.500645 97.920429
1.685260 97.662693 98.339011
1.685970 97.837753 98.777403
1.686690 98.023792 99.229366
1.687400 98.218737 99.688505
1.688120 98.420502 100.148354
1.688830 98.627013 100.602464
1.689550 98.836229 101.044485
1.690260 99.046168 101.468251
1.690980 99.254927 101.867862
1.691690 99.460701 102.237755
1.692410 99.661802 102.572785
1.693120 99.856669 102.868280
1.693840 100.043886 103.120109
1.694550 100.222186 103.324728
1.695270 100.390460 103.479226
1.695980 100.547764 103.581358
1.696700 100.693313 103.629574
1.697410 100.826485 103.623032
1.698130 100.946814 103.561605
1.698840 101.053985 103.445881
1.699560 101.147826 103.277150
1.700270 101.228295 103.057382
1.700990 101.295466 102.789197
1.701700 101.349523 102.475829
1.702420 101.390735 102.121075
1.703130 101.419450 101.729249
1.703850 101.436071 101.305117
1.704560 101.441046 100.853834
1.705280 101.434850 100.380874
1.705990 101.417968 99.891959
1.706710 101.390887 99.392981
1.707420 101.354074 98.889927
1.708140 101.307973 98.388798
1.708850 101.252992 97.895537
1.709570 101.189495 97.415949
1.710280 101.117793 96.955628
1.711000 101.038149 96.519890
1.711710 100.950766 96.113706
1.712430 100.855796 95.741642
1.713140 100.753338 95.407804
1.713860 100.643445 95.115789
1.714570 100.526129 94.868646
1.715290 100.401371 94.668844
1.716000 100.269133 94.518239
1.716720 100.129364 94.418066
1.717430 99.982019 94.368922
1.718150 99.827067 94.370768
1.718860 99.664508 94.422936
1.719580 99.494386 94.524143
1.720290 99.316803 94.672512
1.721010 99.131933 94.865604
1.721720 98.940031 95.100455
1.722440 98.741450 95.373612
1.723150 98.536646 95.681191
1.723870 98.326187 96.018923
1.724580 98.110763 96.382211
1.725300 97.891183 96.766195
1.726010 97.668384 97.165811
1.726730 97.443426 97.575857
1.727440 97.217490 97.991061
1.728160 96.991871 98.406140
1.728870 96.767971 98.815874
1.729590 96.547287 99.215160
1.730300 96.331402 99.599081
1.731020 96.121960 99.962958
1.731730 95.920660 100.302408
1.732450 95.729228 100.613391
1.733160 95.549400 100.892256
1.733880 95.382902 101.135785
1.734590 95.231422 101.341219
1.735310 95.096591 101.506291
1.736020 94.979957 101.629249
1.736740 94.882965 101.708866
1.737450 94.806930 101.744454
1.738170 94.753021 101.735863
1.738880 94.722237 101.683479
1.739600 94.715387 101.588212
1.740310 94.733082 101.451478
1.741030 94.775710 101.275183
1.741740 94.843436 101.061689
1.742460 94.936183 100.813782
1.743170 95.053636 100.534641
1.743890 95.195233 100.227789
1.744600 95.360172 99.897056
1.745320 95.547408 99.546525
1.746030 95.755669 99.180486
1.746750 95.983462 98.803384
1.747460 96.229087 98.419769
1.748180 96.490656 98.034236
1.748890 96.766111 97.651381
1.749610 97.053246 97.275740
1.750320 97.349733 96.911747
1.751040 97.653144 96.563676
1.751750 97.960985 96.235603
1.752470 98.270714 95.931353
1.753180 98.579782 95.654466
1.753900 98.885651 95.408157
1.754610 99.185830 95.195281
1.755330 99.477901 95.018309
1.756040 99.759545 94.879296
1.756760 100.028571 94.779868
1.757470 100.282934 94.721203
1.758190 100.520763 94.704022
1.758900 100.740376 94.728584
1.759620 100.940300 94.794683
1.760330 101.119281 94.901658
1.761050 101.276298 95.048398
1.761760 101.410567 95.233358
1.762480 101.521547 95.454579
1.763190 101.608942 95.709706
1.763910 101.672696 95.996023
1.764620 101.712988 96.310477
1.765340 101.730224 96.649712
1.766050 101.725027 97.010112
1.766770 101.698218 97.387837
1.767480 101.650805 97.778862
1.768200 101.583961 98.179026
1.768910 101.499006 98.584075
1.769630 101.397383 98.989708
1.770340 101.280638 99.391623
1.771060 101.150394 99.785565
1.771770 101.008331 100.167370
1.772490 100.856160 100.533013
1.773200 100.695601 100.878647
1.773920 100.528361 101.200652
1.774630 100.356117 101.495668
1.775350 100.180490 101.760636
1.776060 100.003034 101.992831
1.776780 99.825218 102.189894
1.777490 99.648411 102.349854
1.778210 99.473879 102.471160
1.778920 99.302767 102.552691
1.779640 99.136101 102.593775
1.780350 98.974780 102.594197
1.781070 98.819582 102.554206
1.781780 98.671157 102.474510
1.782500 98.530040 102.356276
1.783210 98.396650 102.201117
1.783930 98.271306 102.011078
1.784640 98.154230 101.788617
1.785360 98.045563 101.536575
1.786070 97.945374 101.258156
1.786790 97.853678 100.956886
1.787500 97.770445 100.636578
1.788220 97.695618 100.301294
1.788930 97.629123 99.955296
1.789650 97.570885 99.603004
1.790360 97.520841 99.248943
1.791080 97.478948 98.897694
1.791790 97.445197 98.553841
1.792510 97.419618 98.221921
1.793220 97.402289 97.906364
1.793940 97.393338 97.611450
1.794650 97.392950 97.341250
1.795370 97.401363 97.099580
1.796080 97.418868 96.889951
1.796800 97.445805 96.715530
1.797510 97.482557 96.579090
1.798230 97.529543 96.482983
1.798940 97.587205 96.429099
1.799660 97.655998 96.418844
1.800370 97.736380 96.453115
1.801090 97.828793 96.532284
1.801800 97.933650 96.656190
1.802520 98.051320 96.824129
1.803230 98.182112 97.034863
1.803950 98.326256 97.286625
1.804660 98.483893 97.577133
1.805380 98.655055 97.903614
1.806090 98.839656 98.262834
1.806810 99.037477 98.651125
1.807520 99.248154 99.064433
1.808240 99.471174 99.498356
1.808950 99.705867 99.948199
1.809670 99.951399 100.409024
1.810380 100.206775 100.875711
1.811100 100.470837 101.343018
1.811810 100.742272 101.805644
1.812530 101.019615 102.258294
1.813240 101.301260 102.695744
1.813960 101.585475 103.112907
1.814670 101.870411 103.504900
1.815390 102.154126 103.867102
1.816100 102.434600 104.195221
1.816820 102.709758 104.485343
1.817530 102.977492 104.733994
1.818250 103.235688 104.938181
1.818960 103.482247 105.095439
1.819680 103.715114 105.203864
1.820390 103.932301 105.262145
1.821110 104.131917 105.269586
1.821820 104.312190 105.226122
1.822540 104.471489 105.132321
1.823250 104.608352 104.989389
1.823970 104.721503 104.799156
1.824680 104.809872 104.564063
1.825400 104.872608 104.287130
1.826110 104.909101 103.971929
1.826830 104.918981 103.622539
1.827540 104.902136 103.243499
1.828260 104.858710 102.839754
1.828970 104.789106 102.416595
1.829690 104.693983 101.979591
1.830400 104.574252 101.534526
1.831120 104.431061 101.087316
1.831830 104.265793 100.643941
1.832550 104.080038 100.210366
1.833260 103.875587 99.792463
1.833980 103.654402 99.395932
1.834690 103.418597 99.026228
1.835410 103.170414 98.688487
1.836120 102.912196 98.387458
1.836840 102.646356 98.127436
1.837550 102.375355 97.912202
1.838270 102.101667 97.744973
1.838980 101.827757 97.628353
1.839700 101.556047 97.564298
1.840410 101.288893 97.554081
1.841130 101.028557 97.598276
1.841840 100.777184 97.696743
1.842560 100.536779 97.848625
1.843270 100.309188 98.052356
1.843990 100.096082 98.305679
1.844700 99.898938 98.605668
1.845420 99.719033 98.948765
1.846130 99.557431 99.330824
1.846850 99.414979 99.747160
1.847560 99.292306 100.192611
1.848280 99.189822 100.661600
1.848990 99.107724 101.148211
1.849710 99.045998 101.646262
1.850420 99.004436 102.149388
1.851140 98.982641 102.651120
1.851850 98.980041 103.144977
1.852570 98.995913 103.624547
1.853280 99.029392 104.083571
1.854000 99.079493 104.516032
1.854710 99.145131 104.916228
1.855430 99.225142 105.278858
1.856140 99.318302 105.599085
1.856860 99.423350 105.872605
1.857570 99.539003 106.095709
1.858290 99.663980 106.265329
1.859000 99.797017 106.379082
1.859720 99.936884 106.435305
1.860430 100.082400 106.433077
1.861150 100.232443 106.372234
1.861860 100.385965 106.253373
1.862580 100.541997 106.077844
1.863290 100.699655 105.847737
1.864010 100.858147 105.565850
1.864720 101.016768 105.235659
1.865440 101.174904 104.861268
1.866150 101.332028 104.447357
1.866870 101.487693 103.999121
1.867580 101.641525 103.522203
1.868300 101.793216 103.022613
1.869010 101.942511 102.506658
1.869730 102.089198 101.980848
1.870440 102.233096 101.451819
1.871160 102.374043 100.926237
1.871870 102.511879 100.410716
1.872590 102.646438 99.911725
1.873300 102.777534 99.435506
1.874020 102.904947 98.987988
1.874730 103.028416 98.574713
1.875450 103.147627 98.200756
1.876160 103.262206 97.870666
1.876880 103.371715 97.588398
1.877590 103.475646 97.357271
1.878310 103.573420 97.179914
1.879020 103.664384 97.058243
1.879740 103.747823 96.993429
1.880450 103.822953 96.985886
1.881170 103.888937 97.035272
1.881880 103.944891 97.140486
1.882600 103.989895 97.299694
1.883310 104.023006 97.510350
1.884030 104.043277 97.769232
1.884740 104.049765 98.072487
1.885460 104.041557 98.415686
1.886170 104.017782 98.793882
1.886890 103.977631 99.201680
1.887600 103.920378 99.633304
1.888320 103.845395 100.082683
1.889030 103.752172 100.543527
1.889750 103.640331 101.009412
1.890460 103.509646 101.473866
1.891180 103.360053 101.930455
1.891890 103.191665 102.372866
1.892610 103.004776 102.794993
1.893320 102.799877 103.191013
1.894040 102.577652 103.555462
1.894750 102.338987 103.883309
1.895470 102.084963 104.170016
1.896180 101.816857 104.411596
1.896900 101.536132 104.604663
1.897610 101.244425 104.746474
1.898330 100.943541 104.834960
1.899040 100.635430 104.868751
1.899760 100.322172 104.847188
1.900470 100.005959 104.770331
1.901190 99.689065 104.638948
1.901900 99.373831 104.454507
1.902620 99.062630 104.219149
1.903330 98.757850 103.935657
1.904050 98.461855 103.607415
1.904760 98.176968 103.238361
1.905480 97.905437 102.832932
1.906190 97.649409 102.396001
1.906910 97.410905 101.932814
1.907620 97.191794 101.448920
1.908340 96.993773 100.950093
1.909050 96.818341 100.442259
1.909770 96.666785 99.931419
1.910480 96.540161 99.423572
1.911200 96.439283 98.924632
1.911910 96.364713 98.440362
1.912630 96.316754 97.976296
1.913340 96.295447 97.537670
1.914060 96.300570 97.129361
1.914770 96.331645 96.755826
1.915490 96.387941 96.421048
1.916200 96.468487 96.128494
1.916920 96.572085 95.881070
1.917630 96.697323 95.681094
1.918350 96.842600 95.530270
1.919060 97.006140 95.429675
1.919780 97.186020 95.379748
1.920490 97.380193 95.380294
1.921210 97.586515 95.430490
1.921920 97.802767 95.528903
1.922640 98.026690 95.673517
1.923350 98.256005 95.861760
1.924070 98.488446 96.090543
1.924780 98.721778 96.356307
1.925500 98.953832 96.655068
1.926210 99.182520 96.982474
1.926930 99.405861 97.333863
1.927640 99.621999 97.704324
1.928360 99.829219 98.088757
1.929070 100.025965 98.481944
1.929790 100.210848 98.878611
1.930500 100.382657 99.273493
1.931220 100.540366 99.661402
1.931930 100.683132 100.037284
1.932650 100.810302 100.396286
1.933360 100.921406 100.733808
1.934080 101.016154 101.045559
1.934790 101.094424 101.327603
1.935510 101.156260 101.576406
1.936220 101.201850 101.788870
1.936940 101.231519 101.962372
1.937650 101.245713 102.094783
1.938370 101.244979 102.184493
1.939080 101.229953 102.230421
1.939800 101.201336 102.232028
1.940510 101.159883 102.189310
1.941230 101.106380 102.102797
1.941940 101.041633 101.973541
1.942660 100.966446 101.803096
1.943370 100.881609 101.593496
1.944090 100.787889 101.347225
1.944800 100.686010 101.067183
1.945520 100.576651 100.756651
1.946230 100.460436 100.419245
1.946950 100.337926 100.058873
1.947660 100.209620 99.679686
1.948380 100.075953 99.286030
1.949090 99.937294 98.882391
1.949810 99.793957 98.473343
1.950520 99.646196 98.063500
1.951240 99.494222 97.657454
1.951950 99.338206 97.259731
1.952670 99.178293 96.874739
1.953380 99.014610 96.506715
1.954100 98.847282 96.159683
1.954810 98.676442 95.837410
1.955530 98.502245 95.543366
1.956240 98.324884 95.280686
1.956960 98.144596 95.052139
1.957670 97.961681 94.860101
1.958390 97.776510 94.706530
1.959100 97.589534 94.592946
1.959820 97.401291 94.520421
1.960530 97.212417 94.489568
1.961250 97.023644 94.500535
1.961960 96.835805 94.553010
1.962680 96.649835 94.646223
1.963390 96.466764 94.778963
1.964110 96.287718 94.949583
1.964820 96.113904 95.156031
1.965540 95.946606 95.395867
1.966250 95.787168 95.666292
1.966970 95.636986 95.964184
1.967680 95.497484 96.286125
1.968400 95.370102 96.628447
1.969110 95.256276 96.987267
1.969830 95.157414 97.358530
1.970540 95.074880 97.738057
1.971260 95.009967 98.121585
1.971970 94.963882 98.504818
1.972690 94.937720 98.883470
1.973400 94.932444 99.253314
1.974120 94.948868 99.610225
1.974830 94.987638 99.950229
1.975550 95.049215 100.269542
1.976260 95.133861 100.564614
1.976980 95.241630 100.832168
1.977690 95.372356 101.069235
1.978410 95.525647 101.273189
1.979120 95.700883 101.441776
1.979840 95.897216 101.573140
1.980550 96.113572 101.665843
1.981270 96.348658 101.718889
1.981980 96.600970 101.731727
1.982700 96.868810 101.704270
1.983410 97.150295 101.636890
1.984130 97.443378 101.530422
1.984840 97.745871 101.386156
1.985560 98.055466 101.205822
1.986270 98.369757 100.991581
1.986990 98.686272 100.745996
1.987700 99.002496 100.472013
1.988420 99.315901 100.172926
1.989130 99.623976 99.852345
1.989850 99.924254 99.514156
1.990560 100.214341 99.162483
1.991280 100.491945 98.801638
1.991990 100.754898 98.436077
1.992710 101.001187 98.070350
1.993420 101.228969 97.709048
1.994140 101.436600 97.356754
1.994850 101.622644 97.017986
1.995570 101.785894 96.697145
1.996280 101.925383 96.398465
1.997000 102.040388 96.125962
1.997710 102.130442 95.883381
1.998430 102.195332 95.674153
1.999140 102.235096 95.501349
1.999860 102.250024 95.367643
2.000570 102.240643 95.275272
2.001290 102.207712 95.226009
2.002000 102.152206 95.221133
2.002720 102.075298 95.261410
2.003430 101.978343 95.347078
2.004150 101.862855 95.477838
2.004860 101.730485 95.652853
2.005580 101.583001 95.870746
2.006290 101.422259 96.129620
2.007010 101.250178 96.427066
2.007720 101.068718 96.760190
2.008440 100.879854 97.125643
2.009150 100.685552 97.519657
2.009870 100.487743 97.938083
2.010580 100.288305 98.376439
2.011300 100.089042 98.829963
2.012010 99.891666 99.293664
2.012730 99.697778 99.762385
2.013440 99.508860 100.230862
2.014160 99.326259 100.693788
2.014870 99.151181 101.145879
2.015590 98.984686 101.581939
2.016300 98.827683 101.996927
2.017020 98.680931 102.386019
2.017730 98.545043 102.744670
2.018450 98.420486 103.068679
2.019160 98.307592 103.354239
2.019880 98.206567 103.597990
2.020590 98.117499 103.797070
2.021310 98.040372 103.949151
2.022020 97.975082 104.052478
2.022740 97.921445 104.105891
2.023450 97.879220 104.108852
2.024170 97.848118 104.061454
2.024880 97.827818 103.964427
2.025600 97.817986 103.819133
2.026310 97.818284 103.627559
2.027030 97.828384 103.392291
2.027740 97.847982 103.116492
2.028460 97.876804 102.803861
2.029170 97.914619 102.458597
2.029890 97.961239 102.085344
2.030600 98.016528 101.689136
2.031320 98.080406 101.275336
2.032030 98.152840 100.849572
2.032750 98.233852 100.417660
2.033460 98.323507 99.985537
2.034180 98.421910 99.559180
2.034890 98.529199 99.144530
2.035610 98.645532 98.747417
2.036320 98.771075 98.373479
2.037040 98.905995 98.028090
2.037750 99.050440 97.716286
2.038470 99.204528 97.442698
2.039180 99.368332 97.211488
2.039900 99.541866 97.026290
2.040610 99.725069 96.890161
2.041330 99.917794 96.805535
2.042040 100.119795 96.774186
2.042760 100.330713 96.797204
2.043470 100.550072 96.874970
2.044190 100.777266 97.007154
2.044900 101.011557 97.192708
2.045620 101.252068 97.429879
2.046330 101.497788 97.716226
2.047050 101.747568 98.048649
2.047760 102.000129 98.423427
2.048480 102.254065 98.836262
2.049190 102.507859 99.282331
2.049910 102.759890 99.756350
2.050620 103.008446 100.252641
2.051340 103.251748 100.765203
2.052050 103.487962 101.287788
2.052770 103.715221 101.813989
2.053480 103.931649 102.337318
2.054200 104.135384 102.851292
2.054910 104.324596 103.349521
2.055630 104.497521 103.825793
2.056340 104.652477 104.274152
2.057060 104.787890 104.688986
2.057770 104.902322 105.065093
2.058490 104.994484 105.397759
2.059200 105.063266 105.682819
2.059920 105.107748 105.916713
2.060630 105.127221 106.096535
2.061350 105.121200 106.220075
2.062060 105.089434 106.285848
2.062780 105.031915 106.293118
2.063490 104.948883 106.241906
2.064210 104.840831 106.132992
2.064920 104.708496 105.967911
2.065640 104.552865 105.748924
2.066350 104.375156 105.479000
2.067070 104.176815 105.161770
2.067780 103.959497 104.801480
2.068500 103.725051 104.402941
2.069210 103.475501 103.971459
2.069930 103.213020 103.512767
2.070640 102.939909 103.032952
2.071360 102.658570 102.538369
2.072070 102.371480 102.035559
2.072790 102.081158 101.531166
2.073500 101.790143 101.031840
2.074220 101.500959 100.544157
2.074930 101.216090 100.074526
2.075650 100.937950 99.629107
2.076360 100.668857 99.213727
2.077080 100.411008 98.833804
2.077790 100.166455 98.494277
2.078510 99.937081 98.199538
2.079220 99.724588 97.953373
2.079940 99.530472 97.758919
2.080650 99.356018 97.618616
2.081370 99.202283 97.534180
2.082080 99.070094 97.506580
2.082800 98.960042 97.536029
2.083510 98.872480 97.621977
2.084230 98.807529 97.763127
2.084940 98.765082 97.957450
2.085660 98.744813 98.202212
2.086370 98.746188 98.494017
2.087090 98.768479 98.828852
2.087800 98.810781 99.202139
2.088520 98.872029 99.608801
2.089230 98.951019 100.043330
2.089950 99.046429 100.499860
2.090660 99.156838 100.972247
2.091380 99.280752 101.454150
2.092090 99.416625 101.939117
2.092810 99.562881 102.420672
2.093520 99.717936 102.892394
2.094240 99.880217 103.348011
2.094950 100.048184 103.781472
2.095670 100.220347 104.187033
2.096380 100.395280 104.559330
2.097100 100.571636 104.893443
2.097810 100.748161 105.184966
2.098530 100.923698 105.430053
2.099240 101.097199 105.625476
2.099960 101.267727 105.768654
2.100670 101.434457 105.857690
2.101390 101.596678 105.891391
2.102100 101.753788 105.869276
2.102820 101.905289 105.791581
2.103530 102.050779 105.659252
2.104250 102.189948 105.473926
2.104960 102.322562 105.237908
2.105680 102.448452 104.954134
2.106390 102.567506 104.626131
2.107110 102.679651 104.257964
2.107820 102.784842 103.854186
2.108540 102.883045 103.419768
2.109250 102.974231 102.960037
2.109970 103.058356 102.480601
2.110680 103.135354 101.987279
2.111400 103.205125 101.486019
2.112110 103.267526 100.982827
2.112830 103.322367 100.483682
2.113540 103.369401 99.994467
2.114260 103.408325 99.520888
2.114970 103.438777 99.068407
2.115690 103.460337 98.642172
2.116400 103.472533 98.246955
2.117120 103.474843 97.887095
2.117830 103.466705 97.566444
2.118550 103.447528 97.288328
2.119260 103.416697 97.055503
2.119980 103.373597 96.870131
2.120690 103.317615 96.733755
2.121410 103.248165 96.647287
2.122120 103.164699 96.611004
2.122840 103.066728 96.624546
2.123550 102.953832 96.686934
2.124270 102.825684 96.796583
2.124980 102.682061 96.951330
2.125700 102.522861 97.148467
2.126410 102.348117 97.384781
2.127130 102.158008 97.656600
2.127840 101.952870 97.959841
2.128560 101.733205 98.290070
2.129270 101.499685 98.642554
2.129990 101.253159 99.012329
2.130700 100.994647 99.394263
2.131420 100.725346 99.783117
2.132130 100.446620 100.173617
2.132850 100.159994 100.560513
2.133560 99.867139 100.938649
2.134280 99.569868 101.303019
2.134990 99.270111 101.648834
2.135710 98.969899 101.971570
2.136420 98.671349 102.267027
2.137140 98.376634 102.531372
2.137850 98.087962 102.761183
2.138570 97.807554 102.953486
2.139280 97.537613 103.105784
2.140000 97.280300 103.216086
2.140710 97.037708 103.282921
2.141430 96.811834 103.305352
2.142140 96.604555 103.282980
2.142860 96.417603 103.215947
2.143570 96.252539 103.104922
2.144290 96.110740 102.951093
2.145000 95.993369 102.756145
2.145720 95.901370 102.522236
2.146430 95.835444 102.251967
2.147150 95.796048 101.948346
2.147860 95.783378 101.614749
2.148580 95.797374 101.254878
2.149290 95.837713 100.872715
2.150010 95.903812 100.472473
2.150720 95.994838 100.058543
2.151440 96.109715 99.635449
2.152150 96.247135 99.207786
2.152870 96.405576 98.780173
2.153580 96.583317 98.357200
2.154300 96.778464 97.943373
2.155010 96.988969 97.543069
2.155730 97.212653 97.160482
2.156440 97.447238 96.799583
2.157160 97.690370 96.464073
2.157870 97.939646 96.157347
2.158590 98.192649 95.882459
2.159300 98.446966 95.642087
2.160020 98.700225 95.438509
2.160730 98.950114 95.273582
2.161450 99.194413 95.148722
2.162160 99.431012 95.064890
2.162880 99.657934 95.022589
2.163590 99.873357 95.021859
2.164310 100.075628 95.062277
2.165020 100.263275 95.142970
2.165740 100.435024 95.262619
2.166450 100.589800 95.419484
2.167170 100.726738 95.611418
2.167880 100.845181 95.835895
2.168600 100.944679 96.090041
2.169310 101.024989 96.370663
2.170030 101.086062 96.674284
2.170740 101.128037 96.997188
2.171460 101.151232 97.335452
2.172170 101.156123 97.684996
2.172890 101.143335 98.041624
2.173600 101.113621 98.401069
2.174320 101.067845 98.759044
2.175030 101.006964 99.111283
2.175750 100.932005 99.453591
2.176460 100.844050 99.781887
2.177180 100.744214 100.092252
2.177890 100.633625 100.380967
2.178610 100.513412 100.644560
2.179320 100.384681 100.879838
2.180040 100.248507 101.083928
2.180750 100.105917 101.254306
2.181470 99.957879 101.388829
2.182180 99.805295 101.485754
2.182900 99.648994 101.543767
2.183610 99.489724 101.561992
2.184330 99.328155 101.540010
2.185040 99.164876 101.477860
2.185760 99.000398 101.376042
2.186470 98.835159 101.235519
2.187190 98.669530 101.057704
2.187900 98.503822 100.844451
2.188620 98.338297 100.598035
2.189330 98.173181 100.321129
2.190050 98.008672 100.016781
2.190760 97.844953 99.688379
2.191480 97.682207 99.339618
2.192190 97.520630 98.974458
2.192910 97.360440 98.597083
2.193620 97.201894 98.211859
2.194340 97.045296 97.823278
2.195050 96.891005 97.435914
2.195770 96.739448 97.054372
2.196480 96.591123 96.683230
2.197200 96.446605 96.326991
2.197910 96.306550 95.990027
2.198630 96.171691 95.676529
2.199340 96.042841 95.390456
2.200060 95.920887 95.135486
2.200770 95.806783 94.914969
2.201490 95.701539 94.731887
2.202200 95.606217 94.588812
2.202920 95.521910 94.487873
2.203630 95.449734 94.430727
2.204350 95.390806 94.418529
2.205060 95.346233 94.451920
2.205780 95.317087 94.531008
2.206490 95.304389 94.655363
2.207210 95.309090 94.824014
2.207920 95.332050 95.035460
2.208640 95.374021 95.287674
2.209350 95.435625 95.578128
2.210070 95.517341 95.903816
2.210780 95.619484 96.261284
2.211500 95.742198 96.646666
2.212210 95.885436 97.055732
2.212930 96.048957 97.483927
2.213640 96.232314 97.926432
2.214360 96.434855 98.378212
2.215070 96.655714 98.834083
2.215790 96.893820 99.288769
2.216500 97.147897 99.736968
2.217220 97.416473 100.173417
2.217930 97.697893 100.592958
2.218650 97.990328 100.990605
2.219360 98.291794 101.361603
2.220080 98.600172 101.701496
2.220790 98.913228 102.006180
2.221510 99.228636 102.271965
2.222220 99.544002 102.495617
2.222940 99.856894 102.674411
2.223650 100.164867 102.806166
2.224370 100.465491 102.889280
2.225080 100.756378 102.922756
2.225800 101.035215 102.906219
2.226510 101.299784 102.839927
2.227230 101.547997 102.724777
2.227940 101.777912 102.562293
2.228660 101.987763 102.354622
2.229370 102.175978 102.104501
2.230090 102.341196 101.815237
2.230800 102.482289 101.490663
2.231520 102.598367 101.135098
2.232230 102.688792 100.753294
2.232950 102.753185 100.350375
2.233660 102.791426 99.931781
2.234380 102.803657 99.503193
2.235090 102.790274 99.070468
2.235810 102.751926 98.639559
2.236520 102.689499 98.216441
2.237240 102.604104 97.807035
2.237950 102.497064 97.417128
2.238670 102.369892 97.052295
2.239380 102.224272 96.717831
2.240100 102.062034 96.418673
2.240810 101.885132 96.159335
2.241530 101.695619 95.943849
2.242240 101.495619 95.775702
2.242960 101.287300 95.657795
2.243670 101.072849 95.592392
2.244390 100.854446 95.581092
2.245100 100.634238 95.624803
2.245820 100.414315 95.723720
2.246530 100.196686 95.877326
2.247250 99.983263 96.084388
2.247960 99.775837 96.342970
2.248680 99.576065 96.650456
2.249390 99.385455 97.003581
2.250110 99.205358 97.398465
2.250820 99.036954 97.830666
2.251540 98.881253 98.295234
2.252250 98.739089 98.786772
2.252970 98.611122 99.299508
2.253680 98.497840 99.827363
2.254400 98.399564 100.364039
2.255110 98.316458 100.903093
2.255830 98.248540 101.438025
2.256540 98.195689 101.962364
2.257260 98.157664 102.469749
2.257970 98.134118 102.954023
2.258690 98.124610 103.409304
2.259400 98.128627 103.830072
2.260120 98.145596 104.211238
2.260830 98.174903 104.548217
2.261550 98.215912 104.836987
2.262260 98.267974 105.074145
2.262980 98.330447 105.256954
2.263690 98.402707 105.383380
2.264410 98.484159 105.452122
2.265120 98.574251 105.462630
2.265840 98.672476 105.415113
2.266550 98.778381 105.310540
2.267270 98.891570 105.150624
2.267980 99.011708 104.937806
2.268700 99.138515 104.675219
2.269410 99.271770 104.366650
2.270130 99.411299 104.016487
2.270840 99.556972 103.629667
2.271560 99.708696 103.211603
2.272270 99.866401 102.768120
2.272990 100.030030 102.305371
2.273700 100.199530 101.829759
2.274420 100.374833 101.347852
2.275130 100.555848 100.866294
2.275850 100.742443 100.391717
2.276560 100.934435 99.930652
2.277280 101.131578 99.489443
2.277990 101.333546 99.074164
2.278710 101.539928 98.690535
2.279420 101.750219 98.343849
2.280140 101.963806 98.038899
2.280850 102.179972 97.779918
2.281570 102.397885 97.570522
2.282280 102.616603 97.413662
2.283000 102.835071 97.311585
2.283710 103.052127 97.265808
2.284430 103.266511 97.277096
2.285140 103.476869 97.345456
2.285860 103.681768 97.470138
2.286570 103.879710 97.649641
2.287290 104.069144 97.881745
2.288000 104.248487 98.163532
2.288720 104.416142 98.491433
2.289430 104.570520 98.861273
2.290150 104.710058 99.268332
2.290860 104.833245 99.707404
2.291580 104.938641 100.172873
2.292290 105.024902 100.658783
2.293010 105.090801 101.158923
2.293720 105.135250 101.666905
2.294440 105.157316 102.176252
2.295150 105.156247 102.680485
2.295870 105.131480 103.173203
2.296580 105.082659 103.648173
2.297300 105.009649 104.099406
2.298010 104.912541 104.521240
2.298730 104.791661 104.908407
2.299440 104.647569 105.256105
2.300160 104.481065 105.560056
2.300870 104.293180 105.816559
2.301590 104.085173 106.022540
2.302300 103.858519 106.175581
2.303020 103.614895 106.273955
2.303730 103.356169 106.316640
2.304450 103.084377 106.303332
2.305160 102.801701 106.234440
2.305880 102.510452 106.111080
2.306590 102.213036 105.935055
2.307310 101.911935 105.708826
2.308020 101.609675 105.435476
2.308740 101.308798 105.118666
2.309450 101.011833 104.762584
2.310170 100.721269 104.371887
2.310880 100.439522 103.951635
2.311600 100.168914 103.507227
2.312310 99.911640 103.044323
2.313030 99.669749 102.568774
2.313740 99.445118 102.086544
2.314460 99.239434 101.603629
2.315170 99.054176 101.125984
2.315890 98.890598 100.659445
2.316600 98.749722 100.209655
2.317320 98.632325 99.781994
2.318030 98.538938 99.381512
2.318750 98.469840 99.012867
2.319460 98.425065 98.680271
2.320180 98.404401 98.387439
2.320890 98.407401 98.137545
2.321610 98.433396 97.933190
2.322320 98.481504 97.776372
2.323040 98.550649 97.668466
2.323750 98.639579 97.610215
2.324470 98.746886 97.601726
2.325180 98.871031 97.642474
2.325900 99.010359 97.731314
2.326610 99.163133 97.866506
2.327330 99.327549 98.045737
2.328040 99.501767 98.266161
2.328760 99.683933 98.524438
2.329470 99.872198 98.816779
2.330190 100.064747 99.139001
2.330900 100.259814 99.486583
2.331620 100.455705 99.854724
2.332330 100.650809 100.238404
2.333050 100.843622 100.632454
2.333760 101.032750 101.031617
2.334480 101.216925 101.430613
2.335190 101.395008 101.824208
2.335910 101.565998 102.207274
2.336620 101.729031 102.574854
2.337340 101.883379 102.922216
2.338050 102.028450 103.244915
2.338770 102.163779 103.538836
2.339480 102.289025 103.800245
2.340200 102.403956 104.025830
2.340910 102.508442 104.212735
2.341630 102.602444 104.358589
2.342340 102.685996 104.461530
2.343060 102.759194 104.520224
2.343770 102.822181 104.533868
2.344490 102.875132 104.502203
2.345200 102.918241 104.425505
2.345920 102.951705 104.304578
2.346630 102.975714 104.140739
2.347350 102.990437 103.935797
2.348060 102.996015 103.692027
2.348780 102.992547 103.412136
2.349490 102.980091 103.099232
2.350210 102.958651 102.756780
2.350920 102.928183 102.388558
2.351640 102.888587 101.998613
2.352350 102.839713 101.591211
2.353070 102.781366 101.170782
2.353780 102.713307 100.741875
2.354500 102.635265 100.309099
2.355210 102.546949 99.877071
2.355930 102.448051 99.450367
2.356640 102.338268 99.033466
2.357360 102.217309 98.630707
2.358070 102.084914 98.246231
2.358790 101.940867 97.883949
2.359500 101.785010 97.547489
2.360220 101.617261 97.240164
2.360930 101.437626 96.964939
2.361650 101.246215 96.724395
2.362360 101.043251 96.520708
2.363080 100.829084 96.355626
2.363790 100.604201 96.230453
2.364510 100.369227 96.146040
2.365220 100.124940 96.102773
2.365940 99.872263 96.100579
2.366650 99.612272 96.138924
2.367370 99.346190 96.216821
2.368080 99.075379 96.332850
2.368800 98.801339 96.485168
2.369510 98.525690 96.671533
2.370230 98.250163 96.889335
2.370940 97.976583 97.135617
2.371660 97.706852 97.407119
2.372370 97.442928 97.700304
2.373090 97.186802 98.011404
2.373800 96.940479 98.336459
2.374520 96.705950 98.671361
2.375230 96.485171 99.011899
2.375950 96.280034 99.353803
2.376660 96.092345 99.692793
2.377380 95.923796 100.024626
2.378090 95.775945 100.345137
2.378810 95.650194 100.650291
2.379520 95.547761 100.936223
2.380240 95.469671 101.199283
2.380950 95.416732 101.436074
2.381670 95.389523 101.643489
2.382380 95.388384 101.818751
2.383100 95.413407 101.959438
2.383810 95.464430 102.063516
2.384530 95.541036 102.129360
2.385240 95.642555 102.155774
2.385960 95.768068 102.142008
2.386670 95.916415 102.087768
2.387390 96.086209 101.993220
2.388100 96.275848 101.858992
2.388820 96.483532 101.686174
2.389530 96.707284 101.476301
2.390250 96.944975 101.231346
2.390960 97.194345 100.953698
2.391680 97.453027 100.646139
2.392390 97.718583 100.311816
2.393110 97.988522 99.954209
2.393820 98.260335 99.577093
2.394540 98.531524 99.184501
2.395250 98.799627 98.780678
2.395970 99.062247 98.370034
2.396680 99.317081 97.957099
2.397400 99.561942 97.546470
2.398110 99.794783 97.142758
2.398830 100.013719 96.750537
2.399540 100.217042 96.374291
2.400260 100.403243 96.018361
2.400970 100.571019 95.686893
2.401690 100.719283 95.383788
2.402400 100.847176 95.112654
2.403120 100.954065 94.876760
2.403830 101.039545 94.678997
2.404550 101.103435 94.521836
2.405260 101.145776 94.407298
2.405980 101.166817 94.336921
2.406690 101.167007 94.311743
2.407410 101.146980 94.332276
2.408120 101.107540 94.398501
2.408840 101.049642 94.509860
2.409550 100.974374 94.665254
2.410270 100.882935 94.863055
2.410980 100.776616 95.101116
2.411700 100.656777 95.376793
2.412410 100.524826 95.686971
2.413130 100.382200 96.028097
2.413840 100.230340 96.396217
2.414560 100.070674 96.787021
2.415270 99.904603 97.195891
2.415990 99.733476 97.617958
2.416700 99.558583 98.048150
2.417420 99.381140 98.481265
2.418130 99.202278 98.912020
2.418850 99.023036 99.335129
2.419560 98.844354 99.745358
2.420280 98.667073 100.137595
2.420990 98.491932 100.506916
2.421710 98.319570 100.848647
2.422420 98.150530 101.158425
2.423140 97.985265 101.432256
2.423850 97.824147 101.666569
2.424570 97.667475 101.858267
2.425280 97.515484 102.004769
2.426000 97.368363 102.104049
2.426710 97.226259 102.154663
2.427430 97.089297 102.155783
2.428140 96.957592 102.107202
2.428860 96.831259 102.009350
2.429570 96.710426 101.863294
2.430290 96.595252 101.670727
2.431000 96.485926 101.433955
2.431720 96.382687 101.155875
2.432430 96.285825 100.839937
2.433150 96.195690 100.490113
2.433860 96.112694 100.110842
2.434580 96.037313 99.706986
2.435290 95.970085 99.283761
2.436010 95.911610 98.846683
2.436720 95.862544 98.401492
2.437440 95.823590 97.954081
2.438150 95.795489 97.510422
2.438870 95.779012 97.076492
2.439580 95.774943 96.658187
2.440300 95.784067 96.261253
2.441010 95.807153 95.891207
2.441730 95.844937 95.553262
2.442440 95.898108 95.252259
2.443160 95.967285 94.992597
2.443870 96.053003 94.778178
2.444590 96.155697 94.612349
2.445300 96.275681 94.497854
2.446020 96.413136 94.436793
2.446730 96.568096 94.430594
2.447450 96.740433 94.479987
2.448160 96.929849 94.584987
2.448880 97.135869 94.744897
2.449590 97.357832 94.958305
2.450310 97.594891 95.223100
2.451020 97.846011 95.536500
2.451740 98.109973 95.895079
2.452450 98.385380 96.294811
2.453170 98.670665 96.731121
2.453880 98.964102 97.198938
2.454600 99.263820 97.692766
2.455310 99.567821 98.206745
2.456030 99.874001 98.734738
2.456740 100.180165 99.270399
2.457460 100.484059 99.807265
2.458170 100.783387 100.338835
2.458890 101.075841 100.858659
2.459600 101.359128 101.360421
2.460320 101.630993 101.838027
2.461030 101.889253 102.285680
2.461750 102.131819 102.697964
2.462460 102.356721 103.069912
2.463180 102.562137 103.397078
2.463890 102.746415 103.675592
2.464610 102.908090 103.902217
2.465320 103.045911 104.074393
2.466040 103.158848 104.190269
2.466750 103.246115 104.248735
2.467470 103.307174 104.249432
2.468180 103.341744 104.192763
2.468900 103.349806 104.079887
2.469610 103.331603 103.912705
2.470330 103.287639 103.693836
2.471040 103.218669 103.426581
2.471760 103.125693 103.114885
2.472470 103.009942 102.763279
2.473190 102.872861 102.376825
2.473900 102.716095 101.961046
2.474620 102.541463 101.521853
2.475330 102.350942 101.065469
2.476050 102.146633 100.598344
2.476760 101.930743 100.127068
2.477480 101.705557 99.658287
2.478190 101.473406 99.198610
2.478910 101.236643 98.754524
2.479620 100.997614 98.332307
2.480340 100.758632 97.937943
2.481050 100.521950 97.577045
2.481770 100.289739 97.254779
2.482480 100.064059 96.975795
2.483200 99.846848 96.744165
2.483910 99.639893 96.563333
2.484630 99.444822 96.436067
2.485340 99.263086 96.364422
2.486060 99.095952 96.349718
2.486770 98.944495 96.392519
2.487490 98.809590 96.492630
2.488200 98.691915 96.649100
2.488920 98.591952 96.860235
2.489630 98.509988 97.123623
2.490350 98.446127 97.436169
2.491060 98.400296 97.794136
2.491780 98.372256 98.193196
2.492490 98.361620 98.628490
2.493210 98.367863 99.094691
2.493920 98.390345 99.586082
2.494640 98.428320 100.096625
2.495350 98.480965 100.620047
2.496070 98.547388 101.149922
2.496780 98.626655 101.679755
2.497500 98.717802 102.203071
2.498210 98.819857 102.713495
2.498930 98.931853 103.204840
2.499640 99.052843 103.671186
2.500360 99.181918 104.106956
2.501070 99.318212 104.506987
2.501790 99.460916 104.866595
2.502500 99.609282 105.181639
2.503220 99.762634 105.448565
2.503930 99.920364 105.664453
2.504650 100.081937 105.827053
2.505360 100.246888 105.934807
2.506080 100.414818 105.986868
2.506790 100.585389 105.983106
2.507510 100.758318 105.924102
2.508220 100.933365 105.811143
2.508940 101.110323 105.646192
2.509650 101.289009 105.431864
2.510370 101.469249 105.171387
2.511080 101.650866 104.868551
2.511800 101.833667 104.527662
2.512510 102.017431 104.153475
2.513230 102.201897 103.751135
2.513940 102.386748 103.326105
2.514660 102.571607 102.884091
2.515370 102.756024 102.430971
2.516090 102.939470 101.972714
2.516800 103.121329 101.515304
2.517520 103.300899 101.064662
2.518230 103.477387 100.626572
2.518950 103.649911 100.206605
2.519660 103.817503 99.810054
2.520380 103.979115 99.441864
2.521090 104.133628 99.106574
2.521810 104.279860 98.808262
2.522520 104.416581 98.550499
2.523240 104.542526 98.336305
2.523950 104.656410 98.168119
2.524670 104.756948 98.047771
2.525380 104.842872 97.976465
2.526100 104.912951 97.954771
2.526810 104.966013 97.982623
2.527530 105.000963 98.059327
2.528240 105.016806 98.183572
2.528960 105.012664 98.353461
2.529670 104.987796 98.566529
2.530390 104.941620 98.819792
2.531100 104.873721 99.109779
2.531820 104.783872 99.432587
2.532530 104.672044 99.783931
2.533250 104.538414 100.159204
2.533960 104.383377 100.553534
2.534680 104.207542 100.961847
2.535390 104.011741 101.378938
2.536110 103.797023 101.799527
2.536820 103.564649 102.218334
2.537540 103.316086 102.630136
2.538250 103.052991 103.029837
2.538970 102.777204 103.412522
2.539680 102.490723 103.773521
2.540400 102.195692 104.108459
2.541110 101.894371 104.413310
2.541830 101.589120 104.684435
2.542540 101.282369 104.918630
2.543260 100.976591 105.113152
2.543970 100.674276 105.265752
2.544690 100.377900 105.374696
2.545400 100.089899 105.438777
2.546120 99.812640 105.457327
2.546830 99.548391 105.430216
2.547550 99.299300 105.357852
2.548260 99.067363 105.241165
2.548980 98.854405 105.081594
2.549690 98.662060 104.881065
2.550410 98.491749 104.641960
2.551120 98.344667 104.367090
2.551840 98.221769 104.059650
2.552550 98.123763 103.723184
2.553270 98.051097 103.361542
2.553980 98.003967 102.978823
2.554700 97.982306 102.579337
2.555410 97.985796 102.167546
2.556130 98.013873 101.748012
2.556840 98.065735 101.325349
2.557560 98.140357 100.904164
2.558270 98.236508 100.489009
2.558990 98.352768 100.084328
2.559700 98.487550 99.694408
2.560420 98.639120 99.323335
2.561130 98.805622 98.974945
2.561850 98.985106 98.652788
2.562560 99.175547 98.360087
2.563280 99.374877 98.099708
2.563990 99.581009 97.874128
2.564710 99.791861 97.685413
2.565420 100.005380 97.535197
2.566140 100.219569 97.424665
2.566850 100.432503 97.354549
2.567570 100.642352 97.325115
2.568280 100.847400 97.336169
2.569000 101.046056 97.387060
2.569710 101.236868 97.476687
2.570430 101.418538 97.603519
2.571140 101.589919 97.765607
2.571860 101.750030 97.960612
2.572570 101.898052 98.185832
2.573290 102.033325 98.438230
2.574000 102.155352 98.714470
2.574720 102.263785 99.010953
2.575430 102.358421 99.323858
2.576150 102.439191 99.649184
2.576860 102.506146 99.982793
2.577580 102.559449 100.320456
2.578290 102.599352 100.657898
2.579010 102.626188 100.990845
2.579720 102.640353 101.315071
2.580440 102.642287 101.626443
2.581150 102.632463 101.920967
2.581870 102.611367 102.194833
2.582580 102.579490 102.444454
2.583300 102.537306 102.666505
2.584010 102.485270 102.857967
2.584730 102.423801 103.016151
2.585440 102.353275 103.138738
2.586160 102.274022 103.223799
2.586870 102.186316 103.269821
2.587590 102.090380 103.275726
2.588300 101.986380 103.240884
2.589020 101.874430 103.165123
2.589730 101.754598 103.048731
2.590450 101.626909 102.892462
2.591160 101.491356 102.697525
2.591880 101.347907 102.465573
2.592590 101.196519 102.198694
2.593310 101.037150 101.899386
2.594020 100.869769 101.570532
2.594740 100.694375 101.215374
2.595450 100.511007 100.837476
2.596170 100.319759 100.440691
2.596880 100.120792 100.029115
2.597600 99.914351 99.607047
2.598310 99.700772 99.178940
2.599030 99.480493 98.749351
2.599740 99.254064 98.322892
2.600460 99.022155 97.904178
2.601170 98.785555 97.497772
2.601890 98.545180 97.108132
2.602600 98.302070 96.739562
2.603320 98.057387 96.396157
2.604030 97.812409 96.081755
2.604750 97.568523 95.799889
2.605460 97.327215 95.553742
2.606180 97.090055 95.346109
2.606890 96.858687 95.179356
2.607610 96.634805 95.055391
2.608320 96.420139 94.975635
2.609040 96.216434 94.940999
2.609750 96.025429 94.951870
2.610470 95.848829 95.008098
2.611180 95.688289 95.108995
2.611900 95.545388 95.253335
2.612610 95.421602 95.439362
2.613330 95.318288 95.664810
2.614040 95.236656 95.926920
2.614760 95.177753 96.222469
2.615470 95.142444 96.547808
2.616190 95.131390 96.898895
2.616900 95.145043 97.271347
2.617620 95.183624 97.660486
2.618330 95.247121 98.061392
2.619050 95.335281 98.468966
2.619760 95.447607 98.877987
2.620480 95.583358 99.283176
2.621190 95.741553 99.679263
2.621910 95.920979 100.061048
2.622620 96.120200 100.423472
2.623340 96.337570 100.761679
2.624050 96.571251 101.071077
2.624770 96.819231 101.347405
2.625480 97.079345 101.586780
2.626200 97.349298 101.785760
2.626910 97.626694 101.941385
2.627630 97.909058 102.051223
2.628340 98.193869 102.113405
2.629060 98.478585 102.126653
2.629770 98.760673 102.090306
2.630490 99.037641 102.004332
2.631200 99.307060 101.869332
2.631920 99.566598 101.686547
2.632630 99.814043 101.457837
2.633350 100.047326 101.185674
2.634060 100.264545 100.873109
2.634780 100.463985 100.523740
2.635490 100.644135 100.141672
2.636210 100.803701 99.731470
2.636920 100.941619 99.298100
2.637640 101.057063 98.846873
2.638350 101.149447 98.383377
2.639070 101.218430 97.913408
2.639780 101.263913 97.442898
2.640500 101.286033 96.977836
2.641210 101.285157 96.524193
2.641930 101.261869 96.087846
2.642640 101.216958 95.674497
2.643360 101.151400 95.289601
2.644070 101.066344 94.938292
2.644790 100.963087 94.625311
2.645500 100.843055 94.354946
2.646220 100.707783 94.130969
2.646930 100.558888 93.956586
2.647650 100.398047 93.834386
2.648360 100.226975 93.766310
2.649080 100.047401 93.753615
2.649790 99.861045 93.796859
2.650510 99.669599 93.895881
2.651220 99.474707 94.049808
2.651940 99.277947 94.257054
2.652650 99.080815 94.515344
2.653370 98.884713 94.821731
2.654080 98.690936 95.172641
2.654800 98.500665 95.563908
2.655510 98.314960 95.990833
2.656230 98.134755 96.448235
2.656940 97.960861 96.930525
2.657660 97.793964 97.431772
2.658370 97.634631 97.945784
2.659090 97.483311 98.466184
2.659800 97.340353 98.986497
2.660520 97.206004 99.500233
2.661230 97.080428 100.000976
2.661950 96.963716 100.482464
2.662660 96.855899 100.938677
2.663380 96.756961 101.363915
2.664090 96.666857 101.752876
2.664810 96.585519 102.100726
2.665520 96.512877 102.403165
2.666240 96.448870 102.656488
2.666950 96.393454 102.857632
2.667670 96.346617 103.004220
2.668380 96.308382 103.094594
2.669100 96.278822 103.127839
2.669810 96.258059 103.103798
2.670530 96.246267 103.023071
2.671240 96.243678 102.887013
2.671960 96.250573 102.697716
2.672670 96.267288 102.457981
2.673390 96.294198 102.171283
2.674100 96.331718 101.841724
2.674820 96.380289 101.473980
2.675530 96.440368 101.073243
2.676250 96.512415 100.645142
2.676960 96.596879 100.195682
2.677680 96.694183 99.731151
2.678390 96.804709 99.258047
2.679110 96.928783 98.782984
2.679820 97.066654 98.312608
2.680540 97.218487 97.853507
2.681250 97.384340 97.412123
2.681970 97.564154 96.994668
2.682680 97.757741 96.607039
2.683400 97.964772 96.254742
2.684110 98.184768 95.942815
2.684830 98.417092 95.675767
2.685540 98.660948 95.457514
2.686260 98.915376 95.291329
2.686970 99.179254 95.179801
2.687690 99.451302 95.124796
2.688400 99.730086 95.127442
2.689120 100.014030 95.188107
2.689830 100.301426 95.306398
2.690550 100.590450 95.481172
2.691260 100.879177 95.710547
2.691980 101.165600 95.991929
2.692690 101.447652 96.322052
2.693410 101.723229 96.697019
2.694120 101.990213 97.112359
2.694840 102.246497 97.563084
2.695550 102.490010 98.043756
2.696270 102.718747 98.548564
2.696980 102.930789 99.071401
2.697700 103.124330 99.605942
2.698410 103.297705 100.145732
2.699130 103.449408 100.684270
2.699840 103.578116 101.215092
2.700560 103.682708 101.731863
2.701270 103.762281 102.228450
2.701990 103.816162 102.699011
2.702700 103.843927 103.138063
2.703420 103.845399 103.540555
2.704130 103.820661 103.901934
2.704850 103.770053 104.218197
2.705560 103.694174 104.485946
2.706280 103.593873 104.702424
2.706990 103.470242 104.865551
2.707710 103.324606 104.973943
2.708420 103.158507 105.026933
2.709140 102.973685 105.024567
2.709850 102.772061 104.967602
2.710570 102.555711 104.857495
2.711280 102.326844 104.696373
2.712000 102.087775 104.487007
2.712710 101.840900 104.232764
2.713430 101.588663 103.937568
2.714140 101.333531 103.605836
2.714860 101.077965 103.242425
2.715570 100.824393 102.852559
2.716290 100.575180 102.441763
2.717000 100.332602 102.015789
2.717720 100.098825 101.580536
2.718430 99.875880 101.141976
2.719150 99.665640 100.706077
2.719860 99.469809 100.278725
2.720580 99.289899 99.865645
2.721290 99.127224 99.472338
2.722010 98.982887 99.104003
2.722720 98.857775 98.765478
2.723440 98.752557 98.461181
2.724150 98.667682 98.195055
2.724870 98.603384 97.970524
2.725580 98.559689 97.790453
2.726300 98.536418 97.657118
2.727010 98.533207 97.572180
2.727730 98.549514 97.536672
2.728440 98.584637 97.550992
2.729160 98.637731 97.614901
2.729870 98.707827 97.727537
2.730590 98.793851 97.887426
2.731300 98.894646 98.092513
2.732020 99.008990 98.340186
2.732730 99.135618 98.627322
2.733450 99.273241 98.950325
2.734160 99.420565 99.305180
2.734880 99.576313 99.687503
2.735590 99.739236 100.092603
2.736310 99.908129 100.515540
2.737020 100.081849 100.951193
2.737740 100.259320 101.394318
2.738450 100.439545 101.839621
2.739170 100.621612 102.281821
2.739880 100.804696 102.715710
2.740600 100.988065 103.136224
2.741310 101.171075 103.538496
2.742030 101.353170 103.917916
2.742740 101.533876 104.270185
2.743460 101.712793 104.591361
2.744170 101.889590 104.877905
2.744890 102.063991 105.126716
2.745600 102.235767 105.335169
2.746320 102.404721 105.501133
2.747030 102.570676 105.622999
2.747750 102.733466 105.699687
2.748460 102.892916 105.730660
2.749180 103.048836 105.715915
2.749890 103.201005 105.655986
2.750610 103.349162 105.551926
2.751320 103.492997 105.405292
2.752040 103.632139 105.218121
2.752750 103.766157 104.992898
2.753470 103.894547 104.732527
2.754180 104.016737 104.440288
2.754900 104.132083 104.119799
2.755610 104.239872 103.774968
2.756330 104.339327 103.409945
2.757040 104.429613 103.029074
2.757760 104.509845 102.636840
2.758470 104.579103 102.237815
2.759190 104.636439 101.836605
2.759900 104.680896 101.437802
2.760620 104.711520 101.045925
2.761330 104.727383 100.665375
2.762050 104.727593 100.300383
2.762760 104.711319 99.954966
2.763480 104.677805 99.632883
2.764190 104.626394 99.337595
2.764910 104.556539 99.072229
2.765620 104.467825 98.839546
2.766340 104.359983 98.641912
2.767050 104.232905 98.481276
2.767770 104.086655 98.359152
2.768480 103.921481 98.276601
2.769200 103.737821 98.234228
2.769910 103.536311 98.232176
2.770630 103.317785 98.270125
2.771340 103.083274 98.347300
2.772060 102.834006 98.462482
2.772770 102.571397 98.614025
2.773490 102.297041 98.799872
2.774200 102.012700 99.017581
2.774920 101.720288 99.264355
2.775630 101.421853 99.537071
2.776350 101.119558 99.832317
2.777060 100.815655 100.146428
2.777780 100.512468 100.475527
2.778490 100.212360 100.815568
2.779210 99.917713 101.162381
2.779920 99.630894 101.511717
2.780640 99.354232 101.859290
2.781350 99.089991 102.200831
2.782070 98.840338 102.532129
2.782780 98.607320 102.849079
2.783500 98.392838 103.147727
2.784210 98.198625 103.424310
2.784930 98.026222 103.675303
2.785640 97.876961 103.897453
2.786360 97.751947 104.087819
2.787070 97.652047 104.243801
2.787790 97.577876 104.363176
2.788500 97.529792 104.444116
2.789220 97.507891 104.485217
2.789930 97.512008 104.485512
2.790650 97.541718 104.444485
2.791360 97.596345 104.362082
2.792080 97.674967 104.238709
2.792790 97.776434 104.075235
2.793510 97.899380 103.872983
2.794220 98.042241 103.633719
2.794940 98.203279 103.359638
2.795650 98.380599 103.053338
2.796370 98.572181 102.717797
2.797080 98.775897 102.356343
2.797800 98.989545 101.972618
2.798510 99.210872 101.570541
2.799230 99.437601 101.154266
2.799940 99.667462 100.728136
2.800660 99.898212 100.296635
2.801370 100.127666 99.864343
2.802090 100.353717 99.435877
2.802800 100.574360 99.015845
2.803520 100.787712 98.608791
2.804230 100.992028 98.219139
2.804950 101.185716 97.851148
2.805660 101.367352 97.508851
2.806380 101.535689 97.196017
2.807090 101.689659 96.916095
2.807810 101.828385 96.672175
2.808520 101.951172 96.466948
2.809240 102.057515 96.302669
2.809950 102.147087 96.181126
2.810670 102.219734 96.103615
2.811380 102.275467 96.070918
2.812100 102.314447 96.083288
2.812810 102.336976 96.140442
2.813530 102.343478 96.241556
2.814240 102.334483 96.385272
2.814960 102.310612 96.569708
2.815670 102.272561 96.792471
2.816390 102.221077 97.050687
2.817100 102.156948 97.341025
2.817820 102.080981 97.659734
2.818530 101.993986 98.002689
2.819250 101.896766 98.365430
2.819960 101.790097 98.743217
2.820680 101.674720 99.131085
2.821390 101.551332 99.523905
2.822110 101.420575 99.916439
2.822820 101.283030 100.303412
2.823540 101.139218 100.679571
2.824250 100.989594 101.039754
2.824970 100.834549 101.378954
2.825680 100.674413 101.692385
2.826400 100.509463 101.975540
2.827110 100.339925 102.224257
2.827830 100.165986 102.434770
2.828540 99.987801 102.603763
2.829260 99.805511 102.728415
2.829970 99.619245 102.806444
2.830690 99.429142 102.836137
2.831400 99.235360 102.816381
2.832120 99.038089 102.746685
2.832830 98.837565 102.627185
2.833550 98.634081 102.458656
2.834260 98.428000 102.242508
2.834980 98.219762 101.980768
2.835690 98.009895 101.676069
2.836410 97.799021 101.331613
2.837120 97.587859 100.951143
2.837840 97.377230 100.538894
2.838550 97.168054 100.099550
2.839270 96.961351 99.638181
2.839980 96.758234 99.160182
2.840700 96.559903 98.671214
2.841410 96.367634 98.177121
2.842130 96.182771 97.683868
2.842840 96.006706 97.197456
2.843560 95.840870 96.723849
2.844270 95.686710 96.268895
2.844990 95.545674 95.838250
2.845700 95.419188 95.437304
2.846420 95.308636 95.071104
2.847130 95.215340 94.744292
2.847850 95.140537 94.461039
2.848560 95.085357 94.224986
2.849280 95.050806 94.039193
2.849990 95.037741 93.906098
2.850710 95.046857 93.827477
2.851420 95.078666 93.804421
2.852140 95.133487 93.837312
2.852850 95.211429 93.925818
2.853570 95.312385 94.068890
2.854280 95.436024 94.264775
2.855000 95.581787 94.511030
2.855710 95.748885 94.804556
2.856430 95.936304 95.141631
2.857140 96.142809 95.517957
2.857860 96.366951 95.928715
2.858570 96.607083 96.368623
2.859290 96.861371 96.832006
2.860000 97.127814 97.312870
2.860720 97.404262 97.804975
2.861430 97.688441 98.301923
2.862150 97.977974 98.797235
2.862860 98.270411 99.284442
2.863580 98.563253 99.757169
2.864290 98.853983 100.209217
2.865010 99.140093 100.634651
2.865720 99.419112 101.027874
2.866440 99.688638 101.383708
2.867150 99.946363 101.697459
2.867870 100.190098 101.964983
2.868580 100.417803 102.182746
2.869300 100.627605 102.347864
2.870010 100.817822 102.458152
2.870730 100.986981 102.512150
2.871440 101.133832 102.509145
2.872160 101.257361 102.449182
2.872870 101.356800 102.333065
2.873590 101.431634 102.162349
2.874300 101.481601 101.939319
2.875020 101.506693 101.666961
2.875730 101.507153 101.348923
2.876450 101.483463 100.989469
2.877160 101.436341 100.593421
2.877880 101.366723 100.166097
2.878590 101.275747 99.713239
2.879310 101.164737 99.240938
2.880020 101.035181 98.755553
2.880740 100.888710 98.263626
2.881450 100.727074 97.771795
2.882170 100.552118 97.286707
2.882880 100.365758 96.814928
2.883600 100.169953 96.362855
2.884310 99.966683 95.936633
2.885030 99.757924 95.542073
2.885740 99.545623 95.184574
2.886460 99.331678 94.869050
2.887170 99.117918 94.599868
2.887890 98.906080 94.380791
2.888600 98.697798 94.214926
2.889320 98.494586 94.104682
2.890030 98.297828 94.051745
2.890750 98.108765 94.057053
2.891460 97.928496 94.120784
2.892180 97.757968 94.242356
2.892890 97.597979 94.420439
2.893610 97.449175 94.652968
2.894320 97.312060 94.937179
2.895040 97.187002 95.269644
2.895750 97.074234 95.646316
2.896470 96.973875 96.062588
2.897180 96.885934 96.513353
2.897900 96.810327 96.993076
2.898610 96.746892 97.495864
2.899330 96.695401 98.015548
2.900040 96.655575 98.545766
2.900760 96.627105 99.080045
2.901470 96.609659 99.611887
2.902190 96.602901 100.134856
2.902900 96.606502 100.642662
2.903620 96.620153 101.129242
2.904330 96.643575 101.588840
2.905050 96.676527 102.016080
2.905760 96.718812 102.406033
2.906480 96.770286 102.754283
2.907190 96.830855 103.056979
2.907910 96.900476 103.310885
2.908620 96.979160 103.513414
2.909340 97.066964 103.662664
2.910050 97.163984 103.757434
2.910770 97.270352 103.797240
2.911480 97.386221 103.782310
2.912200 97.511756 103.713583
2.912910 97.647125 103.592688
2.913630 97.792479 103.421922
2.914340 97.947944 103.204210
2.915060 98.113601 102.943067
2.915770 98.289478 102.642546
2.916490 98.475530 102.307182
2.917200 98.671629 101.941930
2.917920 98.877547 101.552098
2.918630 99.092951 101.143271
2.919350 99.317388 100.721245
2.920060 99.550279 100.291943
2.920780 99.790912 99.861340
2.921490 100.038438 99.435387
2.922210 100.291873 99.019931
2.922920 100.550093 98.620645
2.923640 100.811845 98.242954
2.924350 101.075746 97.891967
2.925070 101.340299 97.572415
2.925780 101.603900 97.288594
2.926500 101.864851 97.044315
2.927210 102.121383 96.842856
2.927930 102.371666 96.686930
